bee_ID,sp,Date COLLECTED,j_date,Plant collected on,farm,visit,PA,crit_cnt,log10_cnt,Wing_MM,Hand_Wing,Counter_Inits,Notes,Treatment
1,bimac,7/14/2021,2021195,borage,RCUT,1,A,0,0,3.1,,EK,,CUT
2,bimac,7/14/2021,2021195,borage,RCUT,1,A,0,0,2.29,,EK,,CUT
3,imp,7/14/2021,2021195,borage,RCUT,1,A,0,0,3.05,,EK,,CUT
4,imp,7/14/2021,2021195,borage,RCUT,1,P,1,0,2.67,,EK,,CUT
5,imp,7/14/2021,2021195,borage,RCUT,1,A,0,0,2.45,,EK,,CUT
6,bimac,7/15/2021,2021196,zinnia,RCUT,1,A,0,0,2.63,,EK,,CUT
7,bimac,7/15/2021,2021196,snapdragon,RCUT,1,P,176,2.245512668,3.21,,EK,,CUT
8,bimac,7/15/2021,2021196,cerinthe,RCUT,1,P,251,2.399673721,2.86,,EK,,CUT
9,bimac,7/15/2021,2021196,zinnia,RCUT,1,A,0,0,2.96,,EK,,CUT
10,bimac,7/15/2021,2021196,salvia,RCUT,1,A,0,0,3.28,,EK,,CUT
11,bimac,7/15/2021,2021196,gomphrena,RCUT,1,P,73,1.86332286,2.68,,EK,,CUT
12,gris,7/15/2021,2021196,gomphrena,RCUT,1,A,0,0,2.912502,3.19,EK,Check ID again later,CUT
13,bimac,7/15/2021,2021196,snapdragon,RCUT,1,P,3,0.477121255,3.31,,EK,,CUT
14,vagans,7/15/2021,2021196,borage,RCUT,1,A,0,0,2.23,,EK,,CUT
15,bimac,7/15/2021,2021196,cerinthe,RCUT,1,P,187,2.271841607,3.03,,EK,,CUT
16,gris,7/15/2021,2021196,snapdragon,RCUT,1,A,0,0,3.445688,3.86,EK,,CUT
17,imp,7/15/2021,2021196,cerinthe,RCUT,1,A,0,0,2.5,,EK,,CUT
18,bimac,7/15/2021,2021196,zinnia,RCUT,1,P,180,2.255272505,3.127368,3.46,EK,,CUT
19,imp,7/15/2021,2021196,borage,RCUT,1,A,0,0,NA,NA,EK,,CUT
20,imp,7/15/2021,2021196,myosotis,RCUT,1,A,0,0,2.61,,EK,,CUT
21,vagans,7/15/2021,2021196,cerinthe,RCUT,1,P,8,0.903089987,2.41,,EK,,CUT
22,gris,7/15/2021,2021196,snapdragon,RCUT,1,NA,NA,NA,NA,,EK,Escaped 7-16-21,CUT
23,bimac,7/15/2021,2021196,cerinthe,RCUT,1,P,169,2.227886705,3.405898,3.81,EK,,CUT
24,gris,7/15/2021,2021196,cerinthe,RCUT,1,P,4,0.602059991,2.992082,3.29,EK,,CUT
25,gris,7/15/2021,2021196,gomphrena,RCUT,1,P,3,0.477121255,3.191032,3.54,EK,,CUT
26,imp,7/15/2021,2021196,zinnia,RCUT,1,P,97,1.986771734,2.58,,EK,,CUT
27,imp,7/15/2021,2021196,borage,RCUT,1,A,0,0,1.97,,EK,,CUT
28,bimac,7/15/2021,2021196,gomphrena,RCUT,1,P,72,1.857332496,2.58,,EK,,CUT
29,NA,7/15/2021,2021196,NA,RCUT,1,NA,NA,NA,NA,,NA,,CUT
30,vagans,7/15/2021,2021196,pea,RCUT,1,P,307,2.487138375,2.55,,EK,,CUT
31,imp,7/15/2021,2021196,snapdragon,RCUT,1,A,0,0,NA,,EK,folded wing,CUT
32,imp,7/15/2021,2021196,gomphrena,RCUT,1,A,0,0,2.48,,EK,,CUT
33,vagans,7/15/2021,2021196,cerinthe,RCUT,1,A,0,0,2.56,,EK,,CUT
34,bimac,7/15/2021,2021196,snapdragon,RCUT,1,P,3,0.477121255,2.928,,EK,large crithidia,CUT
35,imp,7/15/2021,2021196,calendula,RCUT,1,A,0,0,3.05,,EK,double check ID,CUT
36,imp,7/15/2021,2021196,NA,RCUT,1,NA,NA,NA,NA,,EK,male,CUT
37,imp,7/15/2021,2021196,NA,RCUT,1,NA,NA,NA,NA,,EK,male,CUT
38,imp,7/15/2021,2021196,xerochrysum,RCUT,1,P,125,2.096910013,2,,EK,,CUT
39,gris,7/15/2021,2021196,gomphrena,RCUT,1,A,0,0,3.35,,EK,double check ID,CUT
40,imp,7/15/2021,2021196,cerinthe,RCUT,1,A,0,0,2.25,,EK,,CUT
41,bimac,7/15/2021,2021196,zinnia,RCUT,1,P,140,2.146128036,2.507,,EK,,CUT
42,bimac,7/15/2021,2021196,gomphrena,RCUT,1,P,4,0.602059991,2.68,,EK,,CUT
43,vagans,7/15/2021,2021196,cerinthe,RCUT,1,P,2,0.301029996,2.485,,EK,,CUT
44,NA,7/15/2021,2021196,NA,RCUT,1,NA,NA,NA,NA,,NA,male,CUT
45,bimac,7/15/2021,2021196,clover,RCON,1,A,0,0,2.471,,AEF,"AEF counted all on this page except for the three w ""EK""",CON
46,NA,7/15/2021,2021196,clover,RCON,1,NA,NA,NA,NA,,AEF,,CON
47,imp,7/15/2021,2021196,clover,RCON,1,A,0,0,2.672,,AEF,,CON
48,bimac,7/15/2021,2021196,clover,RCON,1,P,213,2.328379603,2.965,,AEF,,CON
49,gris,7/15/2021,2021196,clover,RCON,1,A,0,0,3.310402,3.69,AEF,,CON
50,gris,7/15/2021,2021196,clover,RCON,1,P,140,2.146128036,3.047788,3.36,AEF,,CON
51,bimac,7/15/2021,2021196,clover,RCON,1,A,0,0,2.635,,AEF,,CON
52,imp,7/15/2021,2021196,clover,RCON,1,A,0,0,2.626,,AEF,,CON
53,imp,7/15/2021,2021196,clover,RCON,1,A,0,0,2.564,,AEF,,CON
54,NA,7/15/2021,2021196,clover,RCON,1,NA,NA,NA,NA,,AEF,,CON
55,gris,7/15/2021,2021196,clover,RCON,1,A,0,0,2.745384,2.98,AEF,,CON
56,gris,7/15/2021,2021196,clover,RCON,1,P,27,1.431363764,3.286528,3.66,AEF,,CON
57,NA,7/15/2021,2021196,clover,RCON,1,NA,NA,NA,NA,,AEF,,CON
58,bimac,7/15/2021,2021196,clover,RCON,1,A,0,0,2.742,,AEF,,CON
59,bimac,7/15/2021,2021196,clover,RCON,1,P,42,1.62324929,1.787,,AEF,,CON
60,imp,7/15/2021,2021196,clover,RCON,1,P,178,2.250420002,2.786,,AEF,,CON
61,imp,7/15/2021,2021196,clover,RCON,1,A,0,0,2.327,,AEF,,CON
62,gris,7/15/2021,2021196,clover,RCON,1,A,0,0,3.246738,3.61,AEF,,CON
63,imp,7/15/2021,2021196,clover,RCON,1,A,0,0,2.87,,AEF,,CON
64,imp,7/15/2021,2021196,clover,RCON,1,A,0,0,1.742,,AEF,,CON
65,bimac,7/15/2021,2021196,clover,RCON,1,NA,NA,NA,NA,,AEF,,CON
66,NA,7/15/2021,2021196,clover,RCON,1,NA,NA,NA,NA,,AEF,,CON
67,imp,7/15/2021,2021196,clover,RCON,1,A,0,0,2.682,,AEF,,CON
68,gris,7/15/2021,2021196,clover,RCON,1,P,114,2.056904851,3.525268,3.96,AEF,huge worker?,CON
69,imp,7/15/2021,2021196,clover,RCON,1,A,0,0,2.613,,AEF,,CON
70,bimac,7/15/2021,2021196,clover,RCON,1,A,0,0,2.713,,AEF,,CON
71,imp,7/15/2021,2021196,clover,RCON,1,P,137,2.136720567,3.031872,3.34,EK,,CON
72,NA,7/15/2021,2021196,clover,RCON,1,NA,NA,NA,NA,,AEF,,CON
73,bimac,7/15/2021,2021196,clover,RCON,1,P,401,2.603144373,2.834,,EK,,CON
74,imp,7/15/2021,2021196,clover,RCON,1,A,0,0,2.713,,AEF,,CON
75,gris,7/15/2021,2021196,clover,RCON,1,P,1,0,3.175116,3.52,EK,,CON
76,gris,7/15/2021,2021196,clover,RCON,1,A,0,0,NA,,AEF,not the forewing,CON
77,bimac,7/15/2021,2021196,clover,RCON,1,P,261,2.416640507,3.03,,AEF,,CON
78,NA,7/15/2021,2021196,NA,RCON,1,NA,NA,NA,NA,,AEF,,CON
79,imp,7/19/2021,2021200,echinacea,SIMP,1,NA,NA,NA,NA,,EK,died on dissection 7/20,CON
80,imp,7/19/2021,2021200,zinnia,SIMP,1,A,0,0,NA,,EK,no wing ,CON
81,imp,7/19/2021,2021200,zinnia,SIMP,1,A,0,0,2.674,,EK,,CON
82,imp,7/19/2021,2021200,cosmos,SIMP,1,A,0,0,2.987,,EK,,CON
83,imp,7/19/2021,2021200,tomatoes,SIMP,1,A,0,0,2.617,,EK,,CON
84,imp,7/19/2021,2021200,cosmos,SIMP,1,A,0,0,NA,,EK,no wing ,CON
85,imp,7/19/2021,2021200,tomatoes,SIMP,1,NA,NA,NA,2.63,,EK,died on dissection 7/20,CON
86,imp,7/19/2021,2021200,tomatoes,SIMP,1,A,0,0,2.35,,EK,,CON
87,imp,7/19/2021,2021200,tomatoes,SIMP,1,A,0,0,2.318,,EK,,CON
88,imp,7/19/2021,2021200,silphium,SIMP,1,A,0,0,2.425,,EK,,CON
89,imp,7/19/2021,2021200,tomatoes,SIMP,1,A,0,0,2.192,,EK,,CON
90,imp,7/19/2021,2021200,tomatoes,SIMP,1,P,83,1.919078092,2.77,,EK,,CON
91,imp,7/19/2021,2021200,zinnia,SIMP,1,A,0,0,2.85,,EK,,CON
92,imp,7/19/2021,2021200,zinnia,SIMP,1,A,0,0,2.519,,EK,,CON
93,imp,7/19/2021,2021200,zinnia,SIMP,1,A,0,0,2.373,,EK,,CON
94,imp,7/19/2021,2021200,tomatoes,SIMP,1,A,0,0,2.559,,EK,,CON
95,imp,7/19/2021,2021200,zinnia,SIMP,1,NA,NA,NA,NA,,EK,died in incubator 7/20,CON
96,imp,7/19/2021,2021200,zinnia,SIMP,1,NA,NA,NA,NA,,EK,died in incubator 7/20,CON
97,imp,7/19/2021,2021200,tomatoes,SIMP,1,A,0,0,NA,,EK,no wing ,CON
98,imp,7/19/2021,2021200,daisy,SIMP,1,A,0,0,1.693,,EK,,CON
99,imp,7/19/2021,2021200,silphium,SIMP,1,A,0,0,2.136,,EK,,CON
100,imp,7/19/2021,2021200,echinacea,SIMP,1,A,0,0,2.334,,EK,,CON
101,imp,7/19/2021,2021200,origanum,SIMP,1,A,0,0,2.782,,EK,,CON
102,imp,7/19/2021,2021200,origanum,SIMP,1,A,0,0,2.677,,EK,,CON
103,imp,7/19/2021,2021200,silphium,SIMP,1,A,0,0,2.411,,EK,,CON
104,imp,7/19/2021,2021200,echinacea,SIMP,1,NA,NA,NA,NA,,EK,died,CON
105,imp,7/19/2021,2021200,echinacea,SIMP,1,A,0,0,2.748,,EK,,CON
106,imp,7/19/2021,2021200,echinacea,SIMP,1,A,0,0,2.403,,EK,,CON
107,imp,7/19/2021,2021200,zinnia,SIMP,1,A,0,0,2.681,,EK,,CON
108,imp,7/19/2021,2021200,zinnia,SIMP,1,A,0,0,2.372,,EK,,CON
109,imp,7/19/2021,2021200,zinnia,SIMP,1,A,0,0,2.634,,EK,,CON
110,imp,7/19/2021,2021200,tomatoes,SIMP,1,A,0,0,2.719,,EK,,CON
111,imp,7/19/2021,2021200,zinnia,SIMP,1,A,0,0,2.491,,EK,,CON
112,imp,7/19/2021,2021200,monarda,SIMP,1,A,0,0,2.615,,EK,mint family,CON
113,imp,7/19/2021,2021200,tomatoes,SIMP,1,A,0,0,2.25,,EK,,CON
114,imp,7/19/2021,2021200,tomatoes,SIMP,1,A,0,0,2.118,,EK,,CON
115,imp,7/19/2021,2021200,monarda,SIMP,1,A,0,0,2.543,,EK,mint family,CON
116,imp,7/19/2021,2021200,zinnia,SIMP,1,NA,NA,NA,2.784,,EK,no data for crith count,CON
117,imp,7/20/2021,2021201,zinnia,LAUR,1,P,28,1.447158031,2.858,,SG/RY/EK,,CUT
118,imp,7/20/2021,2021201,zinnia,LAUR,1,A,0,0,2.804,,SG/RY/EK,,CUT
119,vagans,7/20/2021,2021201,zinnia,LAUR,1,A,0,0,2.331,,SG/RY/EK,,CUT
120,imp,7/20/2021,2021201,zinnia,LAUR,1,A,0,0,2.666,,SG/RY/EK,,CUT
121,gris,7/20/2021,2021201,zinnia,LAUR,1,A,0,0,3.071662,3.39,SG/RY/EK,,CUT
122,imp,7/20/2021,2021201,zinnia,LAUR,1,A,0,0,2.868,,SG/RY/EK,,CUT
123,vagans,7/20/2021,2021201,zinnia,LAUR,1,P,2,0.301029996,2.27,,RY,,CUT
124,imp,7/20/2021,2021201,zinnia,LAUR,1,A,0,0,2.644,,RY,,CUT
125,vagans,7/20/2021,2021201,zinnia,LAUR,1,P,3,0.477121255,2.294,,SG,,CUT
126,vagans,7/20/2021,2021201,zinnia,LAUR,1,P,1,0,2.241,,SG,,CUT
127,vagans,7/20/2021,2021201,zinnia,LAUR,1,P,100,2,2.793132,3.04,SG/RY/EK,,CUT
128,imp,7/20/2021,2021201,cosmos,LAUR,1,A,0,0,2.431,,RY,,CUT
129,imp,7/20/2021,2021201,cosmos,LAUR,1,A,0,0,2.281,,RY/SG,,CUT
130,vagans,7/20/2021,2021201,zinnia,LAUR,1,P,10,1,2.60214,2.8,RY/SG,,CUT
131,vagans,7/20/2021,2021201,zinnia,LAUR,1,A,0,0,2.086,,EK,,CUT
132,vagans,7/20/2021,2021201,zinnia,LAUR,1,A,0,0,2.419,,EK,,CUT
133,imp,7/20/2021,2021201,cosmos,LAUR,1,P,45,1.653212514,2.629,,RY/SG,rod like bacteria,CUT
134,vagans,7/20/2021,2021201,zinnia,LAUR,1,A,0,0,2.384,,RY,,CUT
135,vagans,7/20/2021,2021201,zinnia,LAUR,1,P,50,1.698970004,2.60214,2.8,EK,,CUT
136,vagans,7/20/2021,2021201,zinnia,LAUR,1,P,25,1.397940009,2.171,,RY,,CUT
137,imp,7/20/2021,2021201,zinnia,LAUR,1,A,0,0,2.874,,RY,few found outside of squares,CUT
138,vagans,7/20/2021,2021201,zinnia,LAUR,1,A,0,0,2.283,,RY,,CUT
139,vagans,7/20/2021,2021201,zinnia,LAUR,1,P,1,0,2.56235,2.75,SG,few found outside of squares,CUT
140,vagans,7/20/2021,2021201,zinnia,LAUR,1,A,0,0,2.386,,SG,,CUT
141,vagans,7/20/2021,2021201,zinnia,LAUR,1,A,0,0,2.253,,SG,,CUT
142,vagans,7/20/2021,2021201,zinnia,LAUR,1,P,42,1.62324929,2.212,,SG,,CUT
143,vagans,7/20/2021,2021201,zinnia,LAUR,1,P,48,1.681241237,2.506644,2.68,RY,,CUT
144,gris,7/20/2021,2021201,cosmos,LAUR,1,A,0,0,2.785174,3.03,RY,,CUT
145,vagans,7/20/2021,2021201,zinnia,LAUR,1,P,26,1.414973348,2.45,,SG,,CUT
146,vagans,7/20/2021,2021201,zinnia,LAUR,1,A,0,0,2.426,,SG,rod-like bacteria,CUT
147,vagans,7/20/2021,2021201,zinnia,LAUR,1,A,0,0,2.219,,RY,,CUT
148,vagans,7/20/2021,2021201,zinnia,LAUR,1,P,190,2.278753601,2.562,,RY/SG/EK,,CUT
149,vagans,7/20/2021,2021201,zinnia,LAUR,1,A,0,0,2.502,,EK,,CUT
150,vagans,7/20/2021,2021201,zinnia,LAUR,1,P,44,1.643452676,NA,,EK,no wing ,CUT
151,vagans,7/20/2021,2021201,zinnia,LAUR,1,P,13,1.113943352,2.262,,EK,,CUT
152,vagans,7/20/2021,2021201,zinnia,LAUR,1,A,0,0,2.318,,EK,,CUT
153,bimac,7/20/2021,2021201,zinnia,LAUR,1,A,0,0,2.953,,RY,,CUT
154,vagans,7/20/2021,2021201,zinnia,LAUR,1,P,39,1.591064607,2.277,,RY,,CUT
155,bimac,7/20/2021,2021201,zinnia,LAUR,1,P,82,1.913813852,2.651,,SG,,CUT
156,vagans,7/20/2021,2021201,zinnia,LAUR,1,NA,NA,NA,NA,,NA,died 7/21/21,CUT
157,vagans,7/20/2021,2021201,zinnia,LAUR,1,A,0,0,2.102,,SG,,CUT
158,vagans,7/20/2021,2021201,zinnia,LAUR,1,P,38,1.579783597,2.297,,SG/RY,"check count *weird, originally got 443, may have been taken from the bottom of tube but when we checked again @ bottom it was still around 30",CUT
159,vagans,7/20/2021,2021201,zinnia,LAUR,1,P,9,0.954242509,2.379316,2.52,RY,,CUT
160,imp,7/20/2021,2021201,cosmos,LAUR,1,NA,NA,NA,NA,,NA,died 7/20/21,CUT
161,bimac,7/20/2021,2021201,zinnia,LAUR,1,P,80,1.903089987,3.124,,SG,,CUT
162,vagans,7/20/2021,2021201,zinnia,LAUR,1,A,0,0,2.059,,SG,,CUT
163,vagans,7/20/2021,2021201,zinnia,LAUR,1,P,58,1.763427994,2.543,,RY,,CUT
164,vagans,7/20/2021,2021201,zinnia,LAUR,1,A,0,0,2.502,,RY,,CUT
165,vagans,7/20/2021,2021201,zinnia,LAUR,1,P,6,0.77815125,2.129,,SG,,CUT
166,bimac,7/20/2021,2021201,zinnia,LAUR,1,P,99,1.995635195,2.773,,SG,,CUT
167,vagans,7/20/2021,2021201,zinnia,LAUR,1,A,0,0,2.544,,RY,,CUT
168,vagans,7/20/2021,2021201,zinnia,LAUR,1,P,13,1.113943352,2.183,,RY,,CUT
169,vagans,7/20/2021,2021201,zinnia,LAUR,1,P,5,0.698970004,2.175,,SG,all 7/20 bees were briefly in fridge so Elisa could replace sucrose,CUT
170,imp,7/22/2021,2021203,zinnia,LAUR,1,A,0,0,1.977,,RY,,CUT
171,imp,7/22/2021,2021203,zinnia,LAUR,1,P,22,1.342422681,2.808,,RY/SG,,CUT
172,imp,7/22/2021,2021203,zinnia,LAUR,1,A,0,0,2.774,,SG,,CUT
173,gris,7/22/2021,2021203,zinnia,LAUR,1,A,0,0,3.43,,SG,,CUT
174,imp,7/22/2021,2021203,zinnia,LAUR,1,A,0,0,2.587,,RY,,CUT
175,bimac,7/22/2021,2021203,zinnia,LAUR,1,A,0,0,3.7,,RY,queen? kept frozen,CUT
176,imp,7/22/2021,2021203,zinnia,LAUR,1,P,1,0,2.502,,SG,,CUT
177,imp,7/22/2021,2021203,zinnia,LAUR,1,A,0,0,2.939,,SG,,CUT
178,gris,7/22/2021,2021203,zinnia,LAUR,1,NA,NA,NA,NA,,,queen? died in incubator not in freezer,CUT
179,gris,7/22/2021,2021203,zinnia,LAUR,1,P,142,2.152288344,3.23878,3.6,SG,rod like,CUT
180,bimac,7/22/2021,2021203,zinnia,LAUR,1,NA,NA,NA,NA,,,male,CUT
181,bimac,7/22/2021,2021203,zinnia,LAUR,1,A,0,0,3.041,,SG,looked almost dead b4 CO2/ rod like bacteria,CUT
182,bimac,7/22/2021,2021203,zinnia,LAUR,1,A,0,0,3.208,,,,CUT
183,bimac,7/22/2021,2021203,zinnia,LAUR,1,A,0,0,3.294486,3.67,RY,no initialws but very likely RY,CUT
184,gris,7/22/2021,2021203,zinnia,LAUR,1,A,0,0,3.326318,3.71,RY,dark gut,CUT
185,imp,7/22/2021,2021203,zinnia,LAUR,1,A,0,0,2.891,,RY,,CUT
186,vagans,7/22/2021,2021203,zinnia,LAUR,1,A,0,0,3.421814,3.83,SG,really old discolored gut,CUT
187,gris,7/22/2021,2021203,zinnia,LAUR,1,A,0,0,3.366108,3.76,SG,,CUT
188,imp,7/22/2021,2021203,zinnia,LAUR,1,P,3,0.477121255,2.404,,SG,,CUT
189,imp,7/22/2021,2021203,zinnia,LAUR,1,A,0,0,2.277,,SG,,CUT
190,NA,7/22/2021,2021203,zinnia,LAUR,1,A,0,0,3.67647,4.15,RY,"queen? saved in freezer, gris/bimac/vagans",CUT
191,imp,7/22/2021,2021203,zinnia,LAUR,1,P,9,0.954242509,2.906,,SG,,CUT
192,bimac,7/22/2021,2021203,zinnia,LAUR,1,P,150,2.176091259,2.953,,RY/SG,,CUT
193,imp,7/22/2021,2021203,zinnia,LAUR,1,P,3,0.477121255,3.044,,SG,messy sample/ maybe dead crith.,CUT
194,imp,7/22/2021,2021203,zinnia,LAUR,1,P,53,1.72427587,2.717,,SG,,CUT
195,imp,7/22/2021,2021203,zinnia,LAUR,1,P,75,1.875061263,3.058,,SG,,CUT
196,imp,7/22/2021,2021203,zinnia,LAUR,1,A,0,0,2.825,,SG,,CUT
197,imp,7/22/2021,2021203,zinnia,LAUR,1,A,0,0,3.57,,RY,,CUT
198,imp,7/22/2021,2021203,zinnia,LAUR,1,A,0,0,2.511,,RY,,CUT
199,imp,7/22/2021,2021203,zinnia,LAUR,1,P,92,1.963787827,2.823,,SG,,CUT
200,gris,7/22/2021,2021203,zinnia,LAUR,1,P,45,1.653212514,3.214906,3.57,SG,,CUT
201,imp,7/22/2021,2021203,zinnia,LAUR,1,P,53,1.72427587,2.765,,RY/SG,"black nectar crop, still alive",CUT
202,imp,7/22/2021,2021203,zinnia,LAUR,1,A,0,0,2.953,,RY,,CUT
203,imp,7/22/2021,2021203,zinnia,LAUR,1,A,0,0,2.531,,SG,,CUT
204,imp,7/22/2021,2021203,zinnia,LAUR,1,A,0,0,2.872,,SG,,CUT
205,imp,7/22/2021,2021203,zinnia,LAUR,1,A,0,0,2.911,,RY,,CUT
206,imp,7/22/2021,2021203,zinnia,LAUR,1,NA,NA,NA,NA,,NA,died in incubator,CUT
207,imp,7/22/2021,2021203,zinnia,LAUR,1,A,0,0,2.823,,RY,,CUT
208,imp,7/22/2021,2021203,zinnia,LAUR,1,P,69,1.838849091,3.16,,SG,,CUT
209,imp,7/22/2021,2021203,zinnia,LAUR,1,P,15,1.176091259,2.508,,SG,,CUT
210,imp,7/22/2021,2021203,zinnia,LAUR,1,A,0,0,2.682,,SG,,CUT
211,bimac,7/22/2021,2021203,zinnia,LAUR,1,P,55,1.740362689,2.676,,SG/RY,,CUT
212,imp,7/26/2021,2021207,helianthus,GOLO,1,P,1,0,2.653,,SG,few crithidia outside,CON
213,imp,7/26/2021,2021207,eutrochium,GOLO,1,P,316,2.499687083,2.44,,SG,,CON
214,vagans,7/26/2021,2021207,dahlia,GOLO,1,A,0,0,2.594182,2.79,SG,counted 7/27? missing then found?,CON
215,vagans,7/26/2021,2021207,helianthus,GOLO,1,A,0,0,2.231,,SG,,CON
216,imp,7/26/2021,2021207,eutrochium,GOLO,1,A,0,0,2.141,,SG,,CON
217,imp,7/26/2021,2021207,squash,GOLO,1,A,0,0,3.069,,SG,,CON
218,imp,7/26/2021,2021207,zinnia,GOLO,1,A,0,0,3.068,,SG,,CON
219,vagans,7/26/2021,2021207,dahlia,GOLO,1,NA,NA,NA,NA,,NA,old die,CON
220,vagans,7/26/2021,2021207,helianthus,GOLO,1,P,37,1.568201724,2.454,,SG,,CON
221,imp,7/26/2021,2021207,ageratum,GOLO,1,A,0,0,3.078,,SG,,CON
222,vagans,7/26/2021,2021207,helianthus,GOLO,1,P,2,0.301029996,2.303,,SG,,CON
223,gris,7/26/2021,2021207,helianthus,GOLO,1,P,82,1.913813852,3.286528,3.66,SG,,CON
224,imp,7/26/2021,2021207,gomphrena,GOLO,1,P,246,2.390935107,2.842,,SG,,CON
225,imp,7/27/2021,2021208,eutrochium,GOLO,1,A,0,0,2.648,,SG,,CON
226,imp,7/27/2021,2021208,dahlia,GOLO,1,A,0,0,2.516,,SG,,CON
227,imp,7/27/2021,2021208,eutrochium,GOLO,1,A,0,0,2.337,,SG,,CON
228,imp,7/27/2021,2021208,clover,GOLO,1,P,131,2.117271296,2.578,,SG,old,CON
229,imp,7/27/2021,2021208,eutrochium,GOLO,1,P,31,1.491361694,2.63,,SG,,CON
230,imp,7/27/2021,2021208,eutrochium,GOLO,1,A,0,0,2.666,,SG,,CON
231,imp,7/27/2021,2021208,eutrochium,GOLO,1,P,25,1.397940009,2.514,,SG,,CON
232,imp,7/28/2021,2021209,melon,RCON,2,A,0,0,2.442,,RY,,CON
233,imp,7/28/2021,2021209,melon,RCON,2,P,119,2.075546961,2.453,,RY,,CON
234,imp,7/28/2021,2021209,melon,RCON,2,A,0,0,2.576,,SG,,CON
235,imp,7/28/2021,2021209,melon,RCON,2,A,0,0,2.153,,SG,,CON
236,imp,7/28/2021,2021209,melon,RCON,2,P,5,0.698970004,2.074,,SG,,CON
237,bimac,7/28/2021,2021209,melon,RCON,2,P,390,2.591064607,2.64193,2.85,SG,,CON
238,imp,7/28/2021,2021209,melon,RCON,2,P,1,0,2.088,,RY,,CON
239,imp,7/28/2021,2021209,melon,RCON,2,P,6,0.77815125,2.358,,RY,,CON
240,imp,7/28/2021,2021209,melon,RCON,2,A,0,0,2.647,,SG,,CON
241,imp,7/28/2021,2021209,melon,RCON,2,NA,NA,NA,NA,,SG,dead 7/29,CON
242,imp,7/28/2021,2021209,melon,RCON,2,P,99,1.995635195,1.894,,SG,,CON
243,imp,7/28/2021,2021209,clover,RCON,2,A,0,0,2.943,,RY,,CON
244,imp,7/28/2021,2021209,melon,RCON,2,P,31,1.491361694,2.209,,RY,,CON
245,gris,7/28/2021,2021209,melon,RCON,2,A,0,0,3.31836,3.7,SG,,CON
246,imp,7/28/2021,2021209,melon,RCON,2,P,72,1.857332496,2.566,,SG,,CON
247,imp,7/28/2021,2021209,melon,RCON,2,P,3,0.477121255,1.937,,SG,,CON
248,imp,7/28/2021,2021209,melon,RCON,2,P,151,2.178976947,2.303,,SG,,CON
249,imp,7/28/2021,2021209,melon,RCON,2,P,99,1.995635195,2.524,,RY,,CON
250,imp,7/28/2021,2021209,melon,RCON,2,A,0,0,2.488,,RY,,CON
251,imp,7/28/2021,2021209,melon,RCON,2,NA,NA,NA,NA,,NA,changed numbers,CON
252,imp,7/28/2021,2021209,melon,RCON,2,A,0,0,2.61,,SG,,CON
253,imp,7/28/2021,2021209,melon,RCON,2,A,0,0,2.02,,SG,,CON
254,imp,7/28/2021,2021209,squash,RCON,2,A,0,0,1.856,,SG,,CON
255,imp,7/28/2021,2021209,melon,RCON,2,A,0,0,1.926,,SG,,CON
256,imp,7/28/2021,2021209,melon,RCON,2,P,1,0,3.059,,RY,,CON
257,bimac,7/28/2021,2021209,melon,RCON,2,P,28,1.447158031,2.169,,SG,bimac?,CON
258,imp,7/28/2021,2021209,melon,RCON,2,P,66,1.819543936,2.197,,SG,,CON
259,imp,7/28/2021,2021209,melon,RCON,2,P,17,1.230448921,1.892,,RY,,CON
260,imp,7/28/2021,2021209,melon,RCON,2,P,8,0.903089987,2.138,,SG,,CON
261,imp,7/28/2021,2021209,melon,RCON,2,A,0,0,1.849,,SG,,CON
262,imp,7/28/2021,2021209,melon,RCON,2,A,0,0,2.031,,RY,,CON
263,imp,7/28/2021,2021209,clover,RCON,2,A,0,0,2.308,,RY,,CON
264,imp,7/28/2021,2021209,melon,RCON,2,P,8,0.903089987,2.077,,SG,,CON
265,imp,7/28/2021,2021209,melon,RCON,2,A,0,0,2.084,,SG,,CON
266,imp,7/28/2021,2021209,gomphrena,RCUT,2,P,168,2.225309282,2.518,,RY,,CUT
267,imp,7/28/2021,2021209,gomphrena,RCUT,2,A,0,0,2.391,,RY,,CUT
268,bimac,7/28/2021,2021209,zinnia,RCUT,2,P,268,2.428134794,2.218,,SG,bimac?,CUT
269,imp,7/28/2021,2021209,snapdragon,RCUT,2,P,64,1.806179974,2.486,,SG,,CUT
270,imp,7/28/2021,2021209,cerinthe,RCUT,2,P,166,2.220108088,2.105,,RY,,CUT
271,imp,7/28/2021,2021209,zinnia,RCUT,2,A,0,0,2.573,,SG,,CUT
272,imp,7/28/2021,2021209,gomphrena,RCUT,2,P,140,2.146128036,2.736,,SG,,CUT
273,imp,7/28/2021,2021209,gomphrena,RCUT,2,NA,NA,NA,NA,,SG,dead 7/29,CUT
274,imp,7/28/2021,2021209,cerinthe,RCUT,2,P,72,1.857332496,2.087,,SG,,CUT
275,imp,7/28/2021,2021209,zinnia,RCUT,2,A,0,0,2.631,,SG,,CUT
276,imp,7/28/2021,2021209,gomphrena,RCUT,2,P,79,1.897627091,2.849,,SG,,CUT
277,imp,7/28/2021,2021209,zinnia,RCUT,2,A,0,0,2.775,,SG,,CUT
278,imp,7/28/2021,2021209,cerinthe,RCUT,2,P,182,2.260071388,2.438,,SG,,CUT
279,gris,7/28/2021,2021209,celosia,RCUT,2,A,0,0,2.713552,2.94,SG,,CUT
280,imp,7/28/2021,2021209,gomphrena,RCUT,2,P,264,2.421603927,3.14,,SG,,CUT
281,imp,7/28/2021,2021209,zinnia,RCUT,2,NA,NA,NA,NA,,SG,dead 7/29,CUT
282,vagans,7/28/2021,2021209,gomphrena,RCUT,2,P,197,2.294466226,2.544,,SG,,CUT
283,imp,7/28/2021,2021209,gomphrena,RCUT,2,P,3,0.477121255,3.121,,SG,,CUT
284,imp,7/28/2021,2021209,gomphrena,RCUT,2,P,10,1,2.493,,SG,,CUT
285,imp,7/28/2021,2021209,gomphrena,RCUT,2,P,3,0.477121255,2.678,,SG,,CUT
286,gris,7/28/2021,2021209,zinnia,RCUT,2,P,16,1.204119983,3.214906,3.57,SG,,CUT
287,bimac,7/28/2021,2021209,cerinthe,RCUT,2,P,109,2.037426498,2.71,,SG,,CUT
288,bimac,7/28/2021,2021209,cerinthe,RCUT,2,P,42,1.62324929,2.957,,SG,,CUT
289,imp,7/28/2021,2021209,gomphrena,RCUT,2,P,93,1.968482949,2.644,,SG,,CUT
290,imp,7/28/2021,2021209,zinnia,RCUT,2,P,33,1.51851394,2.632,,SG,,CUT
291,imp,7/28/2021,2021209,zinnia,RCUT,2,P,61,1.785329835,2.542,,SG,,CUT
292,imp,7/28/2021,2021209,cerinthe,RCUT,2,A,0,0,2.296,,SG,,CUT
293,imp,7/28/2021,2021209,celosia,RCUT,2,P,1,0,2.273,,SG,,CUT
294,imp,7/28/2021,2021209,gomphrena,RCUT,2,P,68,1.832508913,2.49,,SG,,CUT
295,imp,7/28/2021,2021209,gomphrena,RCUT,2,P,50,1.698970004,2.351,,SG,,CUT
296,imp,7/28/2021,2021209,zinnia,RCUT,2,NA,NA,NA,NA,,SG,not found?,CUT
297,imp,7/28/2021,2021209,melon,RCON,2,P,110,2.041392685,2.56,,SG,,CON
298,imp,7/28/2021,2021209,zinnia,RCUT,2,A,0,0,2.631,,SG,,CUT
299,imp,8/3/2021,2021215,helianthus,LASA,1,A,0,0,2.386,,RY,,CUT
300,imp,8/3/2021,2021215,helianthus,LASA,1,A,0,0,2.831,,RY,,CUT
301,imp,8/3/2021,2021215,helianthus,LASA,1,P,19,1.278753601,3.135,,RY,old,CUT
302,imp,8/3/2021,2021215,helianthus,LASA,1,A,0,0,2.726,,RY,,CUT
303,imp,8/3/2021,2021215,helianthus,LASA,1,A,0,0,2.601,,RY,,CUT
304,imp,8/3/2021,2021215,zinnia,LASA,1,P,13,1.113943352,2.567,,RY,,CUT
305,imp,8/3/2021,2021215,zinnia,LASA,1,P,23,1.361727836,2.671,,RY,,CUT
306,imp,8/3/2021,2021215,zinnia,LASA,1,P,21,1.322219295,2.645,,RY,,CUT
307,imp,8/3/2021,2021215,zinnia,LASA,1,NA,NA,NA,NA,,RY,dead incubator,CUT
308,imp,8/3/2021,2021215,zinnia,LASA,1,A,0,0,3.009,,RY,dead incubator,CUT
309,imp,8/3/2021,2021215,helianthus,LASA,1,A,0,0,2.44,,RY,,CUT
310,imp,8/3/2021,2021215,zinnia,LASA,1,A,0,0,2.902,,RY,,CUT
311,imp,8/3/2021,2021215,zinnia,LASA,1,P,47,1.672097858,2.887,,RY,,CUT
312,imp,8/3/2021,2021215,zinnia,LASA,1,A,0,0,2.759,,RY,,CUT
313,bimac,8/3/2021,2021215,zinnia,LASA,1,NA,NA,NA,3.326318,3.71,RY,Queen? frozen. not counted black film on top,CUT
314,imp,8/3/2021,2021215,zinnia,LASA,1,P,49,1.69019608,2.98,,SG,,CUT
315,imp,8/3/2021,2021215,zinnia,LASA,1,P,29,1.462397998,2.755,,RY,,CUT
316,imp,8/3/2021,2021215,zinnia,LASA,1,A,0,0,2.73,,RY,,CUT
317,imp,8/3/2021,2021215,zinnia,LASA,1,A,0,0,2.82,,RY,,CUT
318,imp,8/3/2021,2021215,zinnia,LASA,1,P,160,2.204119983,2.798,,RY,,CUT
319,imp,8/3/2021,2021215,helianthus,LASA,1,A,0,0,2.267,,SG,,CUT
320,imp,8/3/2021,2021215,zinnia,LASA,1,P,131,2.117271296,2.801,,RY,,CUT
321,imp,8/3/2021,2021215,zinnia,LASA,1,P,8,0.903089987,2.809,,SG,,CUT
322,imp,8/3/2021,2021215,helianthus,LASA,1,A,0,0,2.901,,RY,old,CUT
323,imp,8/3/2021,2021215,zinnia,LASA,1,A,0,0,2.721,,RY,,CUT
324,imp,8/3/2021,2021215,zinnia,LASA,1,NA,NA,NA,NA,,RY,dead incubator,CUT
325,imp,8/3/2021,2021215,zinnia,LASA,1,A,0,0,2.576,,RY,pollen removed from cobic.,CUT
326,imp,8/3/2021,2021215,zinnia,LASA,1,P,19,1.278753601,2.057,,RY,,CUT
327,imp,8/4/2021,2021216,zinnia,SIMP,2,P,128,2.10720997,2.541,,RY,c,CON
328,imp,8/4/2021,2021216,zinnia,SIMP,2,P,26,1.414973348,2.294,,SG,c,CON
329,imp,8/4/2021,2021216,zinnia,SIMP,2,NA,NA,NA,NA,,NA,dead 8/5/21,CON
330,imp,8/4/2021,2021216,zinnia,SIMP,2,P,29,1.462397998,2.298,,SG,crith not moving,CON
331,imp,8/4/2021,2021216,zinnia,SIMP,2,P,18,1.255272505,2.832,,SG,larger crith,CON
332,imp,8/4/2021,2021216,zinnia,SIMP,2,P,2,0.301029996,2.095,,RY,,CON
333,imp,8/4/2021,2021216,zinnia,SIMP,2,A,0,0,2.914,,RY,,CON
334,imp,8/4/2021,2021216,zinnia,SIMP,2,A,0,0,2.808,,SG,c,CON
335,imp,8/4/2021,2021216,zinnia,SIMP,2,A,0,0,2.788,,SG,,CON
336,imp,8/4/2021,2021216,zinnia,SIMP,2,A,0,0,2.576,,RY,,CON
337,imp,8/4/2021,2021216,zinnia,SIMP,2,A,0,0,2.753,,SG,C,CON
338,imp,8/4/2021,2021216,zinnia,SIMP,2,A,0,0,2.055,,SG,,CON
339,imp,8/4/2021,2021216,zinnia,SIMP,2,A,0,0,2.587,,SG,,CON
340,imp,8/4/2021,2021216,zinnia,SIMP,2,NA,NA,NA,NA,,NA,dead 8/5/21,CON
341,imp,8/4/2021,2021216,cosmos,SIMP,2,P,1,0,2.465,,SG,,CON
342,imp,8/4/2021,2021216,zinnia,SIMP,2,A,0,0,2.808,,SG,,CON
343,imp,8/4/2021,2021216,monarda,SIMP,2,A,0,0,2.453,,RY,,CON
344,imp,8/4/2021,2021216,zinnia,SIMP,2,A,0,0,2.613,,RY,,CON
345,imp,8/4/2021,2021216,zinnia,SIMP,2,NA,NA,NA,NA,,NA,dead 8/5/21,CON
346,imp,8/4/2021,2021216,cosmos,SIMP,2,A,0,0,2.307,,SG,,CON
347,vagans,8/4/2021,2021216,zinnia,SIMP,2,P,24,1.380211242,2.38,,SG,C not moving,CON
348,imp,8/4/2021,2021216,echinacea,SIMP,2,A,0,0,2.322,,RY,,CON
349,imp,8/4/2021,2021216,echinacea,SIMP,2,A,0,0,1.864,,RY,,CON
350,imp,8/4/2021,2021216,zinnia,SIMP,2,A,0,0,2.69,,SG,C,CON
351,imp,8/4/2021,2021216,zinnia,SIMP,2,A,0,0,2.674,,SG,,CON
352,imp,8/4/2021,2021216,zinnia,SIMP,2,P,7,0.84509804,2.617,,RY,,CON
353,imp,8/4/2021,2021216,zinnia,SIMP,2,A,0,0,2.545,,RY,,CON
354,imp,8/4/2021,2021216,zinnia,SIMP,2,A,0,0,2.784,,SG,,CON
355,imp,8/4/2021,2021216,zinnia,SIMP,2,A,0,0,2.042,,SG,,CON
356,imp,8/4/2021,2021216,echinacea,SIMP,2,A,0,0,1.95,,SG,,CON
357,imp,8/4/2021,2021216,zinnia,SIMP,2,NA,NA,NA,2.819,,NA,C different pollen loads? died? ,CON
358,imp,8/4/2021,2021216,zinnia,SIMP,2,A,0,0,2.716,,SG,C,CON
359,imp,8/4/2021,2021216,zinnia,SIMP,2,A,0,0,2.71,,RY,,CON
360,imp,8/4/2021,2021216,zinnia,SIMP,2,P,1,0,2.935,,RY,C,CON
361,imp,8/4/2021,2021216,echinacea,SIMP,2,NA,NA,NA,NA,,NA,dead on 8/5/21,CON
362,imp,8/4/2021,2021216,cosmos,SIMP,2,A,0,0,2.398,,SG,,CON
363,imp,8/4/2021,2021216,zinnia,SIMP,2,P,68,1.832508913,NA,,SG,C,CON
364,imp,8/4/2021,2021216,echinacea,SIMP,2,A,0,0,2.011,,RY,,CON
365,imp,8/4/2021,2021216,cosmos,SIMP,2,P,16,1.204119983,2.596,,RY,,CON
366,imp,8/4/2021,2021216,echinacea,SIMP,2,A,0,0,2.246,,SG,C,CON
367,imp,8/4/2021,2021216,zinnia,SIMP,2,A,0,0,2.398,,SG,,CON
368,imp,8/4/2021,2021216,zinnia,SIMP,2,NA,NA,NA,NA,,NA,C died 8/5/21,CON
369,bimac,8/5/2021,2021217,zinnia,LAUR,2,P,18,1.255272505,3.764008,4.26,SG,,CUT
370,vagans,8/5/2021,2021217,zinnia,LAUR,2,P,19,1.278753601,2.387274,2.53,SG,,CUT
371,vagans,8/5/2021,2021217,zinnia,LAUR,2,P,8,0.903089987,2.44298,2.6,SG,,CUT
372,vagans,8/5/2021,2021217,zinnia,LAUR,2,A,0,0,2.371358,2.51,SG,C,CUT
373,vagans,8/5/2021,2021217,zinnia,LAUR,2,P,34,1.531478917,2.944334,3.23,RY,,CUT
374,vagans,8/5/2021,2021217,zinnia,LAUR,2,P,157,2.195899652,2.514602,2.69,SG,,CUT
375,vagans,8/5/2021,2021217,zinnia,LAUR,2,P,125,2.096910013,2.072,,RY,,CUT
376,vagans,8/5/2021,2021217,cosmos,LAUR,2,A,0,0,2.610098,2.81,RY,,CUT
377,vagans,8/5/2021,2021217,zinnia,LAUR,2,A,0,0,2.396,,RY,C,CUT
378,vagans,8/5/2021,2021217,zinnia,LAUR,2,A,0,0,2.618056,2.82,RY,,CUT
379,vagans,8/5/2021,2021217,cosmos,LAUR,2,P,20,1.301029996,2.777216,3.02,RY,,CUT
380,vagans,8/5/2021,2021217,zinnia,LAUR,2,P,6,0.77815125,2.60214,2.8,RY,,CUT
381,gris,8/5/2021,2021217,zinnia,LAUR,2,P,69,1.838849091,3.294486,3.67,RY,dead bee 381 vagans but another 381 bee?,CUT
382,bimac,8/5/2021,2021217,zinnia,LAUR,2,A,0,0,3.51731,3.95,RY,,CUT
383,vagans,8/5/2021,2021217,zinnia,LAUR,2,NA,NA,NA,NA,,NA,dead 8/6/21,CUT
384,NA,8/5/2021,2021217,zinnia,LAUR,2,A,0,0,2.538476,2.72,SG,"old, perplexes",CUT
385,NA,8/5/2021,2021217,cosmos,LAUR,2,A,0,0,2.395232,2.54,SG,perplexes,CUT
386,imp,8/5/2021,2021217,zinnia,LAUR,2,P,282,2.450249108,2.530518,2.71,SG,,CUT
387,imp,8/5/2021,2021217,zinnia,LAUR,2,P,82,1.913813852,2.570308,2.76,SG,,CUT
388,imp,8/5/2021,2021217,cosmos,LAUR,2,A,0,0,2.347484,2.48,SG,,CUT
389,imp,8/5/2021,2021217,cosmos,LAUR,2,A,0,0,2.20424,2.3,SG,,CUT
390,imp,8/5/2021,2021217,cosmos,LAUR,2,A,0,0,2.331568,2.46,SG,,CUT
391,imp,8/5/2021,2021217,cosmos,LAUR,2,P,3,0.477121255,2.220156,2.32,SG,,CUT
392,imp,8/5/2021,2021217,cosmos,LAUR,2,P,2,0.301029996,2.842,,SG,,CUT
393,imp,8/5/2021,2021217,zinnia,LAUR,2,P,109,2.037426498,2.734,,RY,,CUT
394,imp,8/5/2021,2021217,zinnia,LAUR,2,A,0,0,2.583,,RY,,CUT
395,imp,8/5/2021,2021217,zinnia,LAUR,2,P,65,1.812913357,2.925,,SG,,CUT
396,imp,8/5/2021,2021217,zinnia,LAUR,2,P,86,1.934498451,2.654,,SG,,CUT
397,imp,8/5/2021,2021217,zinnia,LAUR,2,NA,NA,NA,NA,,NA,dead 8/6/21,CUT
398,imp,8/5/2021,2021217,zinnia,LAUR,2,P,58,1.763427994,NA,,SG,broken wing,CUT
399,imp,8/5/2021,2021217,zinnia,LAUR,2,A,0,0,2.368,,SG,,CUT
400,imp,8/5/2021,2021217,zinnia,LAUR,2,P,31,1.491361694,2.767,,RY,,CUT
401,imp,8/5/2021,2021217,zinnia,LAUR,2,P,120,2.079181246,2.55,,RY,,CUT
402,imp,8/5/2021,2021217,zinnia,LAUR,2,A,0,0,2.32,,RY,,CUT
403,imp,8/5/2021,2021217,zinnia,LAUR,2,P,36,1.556302501,2.641,,RY,,CUT
404,imp,8/5/2021,2021217,zinnia,LAUR,2,P,98,1.991226076,2.735,,RY,,CUT
405,imp,8/5/2021,2021217,zinnia,LAUR,2,P,89,1.949390007,2.591,,RY,,CUT
406,imp,8/5/2021,2021217,zinnia,LAUR,2,P,27,1.431363764,2.659,,RY,,CUT
407,imp,8/5/2021,2021217,zinnia,LAUR,2,P,94,1.973127854,2.766,,RY,,CUT
408,imp,8/5/2021,2021217,cosmos,LAUR,2,P,149,2.173186268,2.783,,SG,,CUT
409,imp,8/5/2021,2021217,cosmos,LAUR,2,A,0,0,2.341,,RY,,CUT
410,imp,8/5/2021,2021217,zinnia,LAUR,2,A,0,0,2.896586,3.17,SG,,CUT
411,imp,8/5/2021,2021217,cosmos,LAUR,2,NA,NA,NA,NA,,NA,dead 8/6/21,CUT
412,imp,8/5/2021,2021217,cosmos,LAUR,2,A,0,0,2.554392,2.74,SG,,CUT
413,imp,8/5/2021,2021217,cosmos,LAUR,2,P,55,1.740362689,2.824964,3.08,SG,,CUT
414,imp,8/5/2021,2021217,zinnia,LAUR,2,P,4,0.602059991,2.633972,2.84,SG,,CUT
415,imp,8/5/2021,2021217,zinnia,LAUR,2,P,32,1.505149978,2.664,,RY,,CUT
416,imp,8/5/2021,2021217,zinnia,LAUR,2,P,31,1.491361694,2.958,,SG,,CUT
417,imp,8/5/2021,2021217,zinnia,LAUR,2,A,0,0,2.458,,SG,,CUT
418,imp,8/5/2021,2021217,zinnia,LAUR,2,A,0,0,2.246,,RY,,CUT
419,imp,8/5/2021,2021217,cosmos,LAUR,2,A,0,0,3.103,,RY,,CUT
420,imp,8/5/2021,2021217,cosmos,LAUR,2,NA,NA,NA,NA,,NA,dead 8/6/21,CUT
421,imp,8/9/2021,2021221,clover,RCON,3,P,34,1.531478917,2.874,,RY,"C.  D=dark, C=corbicular",CON
422,imp,8/9/2021,2021221,clover,RCON,3,P,9,0.954242509,2.284,,RY,DC,CON
423,imp,8/9/2021,2021221,clover,RCON,3,P,72,1.857332496,2.249,,RY,C,CON
424,imp,8/9/2021,2021221,clover,RCON,3,P,260,2.414973348,2.677,,RY,DC,CON
425,imp,8/9/2021,2021221,melon,RCON,3,P,160,2.204119983,2.097,,SG,C,CON
426,imp,8/9/2021,2021221,clover,RCON,3,A,0,0,2.27,,RY,C,CON
427,imp,8/9/2021,2021221,clover,RCON,3,A,0,0,2.282,,RY,C,CON
428,imp,8/9/2021,2021221,clover,RCON,3,A,0,0,2.097,,RY,C,CON
429,imp,8/9/2021,2021221,clover,RCON,3,A,0,0,2.759,,SG,CD collect?,CON
430,imp,8/9/2021,2021221,melon,RCON,3,P,11,1.041392685,2.328,,RY,,CON
431,imp,8/9/2021,2021221,melon,RCON,3,P,2,0.301029996,1.967,,RY,C,CON
432,imp,8/9/2021,2021221,melon,RCON,3,A,0,0,2.551,,RY,C,CON
433,imp,8/9/2021,2021221,clover,RCON,3,P,3,0.477121255,2.914,,RY,,CON
434,imp,8/9/2021,2021221,clover,RCON,3,A,0,0,2.232,,SG,C light?,CON
435,imp,8/9/2021,2021221,melon,RCON,3,P,8,0.903089987,1.886,,RY,,CON
436,imp,8/9/2021,2021221,melon,RCON,3,P,2,0.301029996,1.931,,SG,,CON
437,imp,8/9/2021,2021221,melon,RCON,3,A,0,0,1.853,,SG,,CON
438,imp,8/9/2021,2021221,melon,RCON,3,A,0,0,2.449,,SG,,CON
439,imp,8/9/2021,2021221,clover,RCON,3,P,16,1.204119983,2.541,,SG,C collect?,CON
440,imp,8/9/2021,2021221,melon,RCON,3,A,0,0,2.43,,SG,,CON
441,imp,8/9/2021,2021221,melon,RCON,3,P,10,1,2.389,,SG,C,CON
442,imp,8/9/2021,2021221,melon,RCON,3,A,0,0,3.011,,SG,C,CON
443,imp,8/9/2021,2021221,melon,RCON,3,NA,NA,NA,NA,,NA,dead 8/10/21,CON
444,imp,8/9/2021,2021221,melon,RCON,3,A,0,0,2.068,,RY,C,CON
445,imp,8/9/2021,2021221,melon,RCON,3,P,4,0.602059991,2.173,,RY,C,CON
446,imp,8/9/2021,2021221,melon,RCON,3,A,0,0,2.2,,RY,,CON
447,imp,8/9/2021,2021221,melon,RCON,3,A,0,0,2.394,,RY,,CON
448,imp,8/9/2021,2021221,melon,RCON,3,P,113,2.053078443,2.387274,2.53,RY,,CON
449,imp,8/9/2021,2021221,melon,RCON,3,A,0,0,2.133,,RY,,CON
450,imp,8/9/2021,2021221,melon,RCON,3,P,109,2.037426498,2.136,,SG,C,CON
451,imp,8/9/2021,2021221,melon,RCON,3,A,0,0,2.243,,SG,,CON
452,imp,8/9/2021,2021221,melon,RCON,3,P,52,1.716003344,2.389,,SG,C?,CON
453,imp,8/9/2021,2021221,melon,RCON,3,P,164,2.214843848,2.346,,SG,C,CON
454,imp,8/9/2021,2021221,persicaria,RCON,3,A,0,0,2.002,,SG,old small rod swimmers,CON
455,imp,8/9/2021,2021221,melon,RCON,3,P,72,1.857332496,2.335,,SG,,CON
456,imp,8/9/2021,2021221,melon,RCON,3,A,0,0,2.848,,SG,C small rod,CON
457,imp,8/9/2021,2021221,melon,RCON,3,A,0,0,2.001,,SG,,CON
458,imp,8/9/2021,2021221,rorippa,RCON,3,P,59,1.770852012,2.224,,SG,C,CON
459,imp,8/9/2021,2021221,melon,RCON,3,NA,NA,NA,NA,,NA,C dead 8/10/21,CON
460,imp,8/9/2021,2021221,melon,RCON,3,A,0,0,2.042,,RY,C,CON
461,imp,8/9/2021,2021221,melon,RCON,3,P,53,1.72427587,2.078,,RY,C,CON
462,imp,8/10/2021,2021222,gomphrena,RCUT,3,P,39,1.591064607,2.579,,RY,C,CUT
463,imp,8/10/2021,2021222,marigold,RCUT,3,A,0,0,2.791,,SG,C,CUT
464,imp,8/10/2021,2021222,zinnia,RCUT,3,A,0,0,2.763,,RY,C,CUT
465,imp,8/10/2021,2021222,zinnia,RCUT,3,P,212,2.326335861,2.973,,SG,,CUT
466,imp,8/10/2021,2021222,zinnia,RCUT,3,P,11,1.041392685,2.553,,RY,,CUT
467,gris,8/10/2021,2021222,cosmos,RCUT,3,A,0,0,2.864754,3.13,SG,,CUT
468,imp,8/10/2021,2021222,zinnia,RCUT,3,P,3,0.477121255,2.614,,RY,C,CUT
469,imp,8/10/2021,2021222,marigold,RCUT,3,NA,NA,NA,NA,,NA,C dead 8/11/21,CUT
470,imp,8/10/2021,2021222,cynoglossum,RCUT,3,P,3,0.477121255,1.928,,SG,C,CUT
471,imp,8/10/2021,2021222,cosmos,RCUT,3,A,0,0,2.203,,RY,C,CUT
472,imp,8/10/2021,2021222,marigold,RCUT,3,P,27,1.431363764,2.239,,SG,C,CUT
473,imp,8/10/2021,2021222,zinnia,RCUT,3,P,77,1.886490725,2.782,,RY,C,CUT
474,imp,8/10/2021,2021222,cosmos,RCUT,3,P,140,2.146128036,2.811,,SG,,CUT
475,imp,8/10/2021,2021222,marigold,RCUT,3,P,125,2.096910013,2.132,,RY,C,CUT
476,imp,8/10/2021,2021222,zinnia,RCUT,3,P,18,1.255272505,2.961,,SG,,CUT
477,imp,8/10/2021,2021222,zinnia,RCUT,3,A,0,0,3.098,,RY,,CUT
478,imp,8/10/2021,2021222,marigold,RCUT,3,P,9,0.954242509,2.751,,RY,,CUT
479,imp,8/10/2021,2021222,marigold,RCUT,3,A,0,0,2.554,,SG,,CUT
480,imp,8/10/2021,2021222,gomphrena,RCUT,3,P,54,1.73239376,2.437,,RY,C,CUT
481,imp,8/10/2021,2021222,marigold,RCUT,3,A,0,0,2.734,,SG,C,CUT
482,imp,8/10/2021,2021222,marigold,RCUT,3,P,46,1.662757832,2.698,,RY,C,CUT
483,imp,8/10/2021,2021222,cosmos,RCUT,3,A,0,0,2.332,,SG,C,CUT
484,imp,8/10/2021,2021222,zinnia,RCUT,3,P,5,0.698970004,2.434,,RY,C,CUT
485,imp,8/10/2021,2021222,ageratum,RCUT,3,A,0,0,2.306,,SG,C,CUT
486,imp,8/10/2021,2021222,marigold,RCUT,3,P,42,1.62324929,2.596,,SG,C,CUT
487,imp,8/10/2021,2021222,aster,RCUT,3,P,14,1.146128036,2.46,,RY,C,CUT
488,imp,8/10/2021,2021222,antirrhinum,RCUT,3,P,69,1.838849091,2.116,,RY,C snapdragon,CUT
489,imp,8/10/2021,2021222,zinnia,RCUT,3,A,0,0,2.671,,RY,C,CUT
490,imp,8/10/2021,2021222,salvia,RCUT,3,P,36,1.556302501,2.465,,RY,C,CUT
491,imp,8/10/2021,2021222,zinnia,RCUT,3,P,5,0.698970004,2.649,,RY,C,CUT
492,imp,8/10/2021,2021222,marigold,RCUT,3,A,0,0,2.208,,RY,,CUT
493,imp,8/10/2021,2021222,antirrhinum,RCUT,3,NA,NA,NA,NA,,NA,dead 8/11/21,CUT
494,imp,8/10/2021,2021222,zinnia,RCUT,3,P,3,0.477121255,2.581,,SG,,CUT
495,imp,8/10/2021,2021222,zinnia,RCUT,3,P,47,1.672097858,2.622,,RY,C,CUT
496,imp,8/10/2021,2021222,zinnia,RCUT,3,P,88,1.944482672,2.315,,SG,C,CUT
497,imp,8/10/2021,2021222,zinnia,RCUT,3,P,35,1.544068044,2.686,,RY,C,CUT
498,imp,8/10/2021,2021222,ageratum,RCUT,3,P,6,0.77815125,2.542,,SG,C,CUT
499,imp,8/10/2021,2021222,marigold,RCUT,3,P,2,0.301029996,2.832,,RY,C ? collect c. load,CUT
500,imp,8/10/2021,2021222,zinnia,RCUT,3,P,16,1.204119983,2.561,,SG,,CUT
501,imp,8/10/2021,2021222,aster,RCUT,3,P,2,0.301029996,1.995,,RY,,CUT
502,imp,8/10/2021,2021222,zinnia,RCUT,3,A,0,0,2.934,,SG,but a few outside,CUT
503,imp,8/11/2021,2021223,eutrochium,GOLO,2,NA,NA,NA,NA,,NA,C,CON
504,imp,8/11/2021,2021223,eutrochium,GOLO,2,NA,NA,NA,NA,,NA,dead 8/12 RY,CON
505,imp,8/11/2021,2021223,eutrochium,GOLO,2,NA,NA,NA,NA,,NA,C dead 8/12 RY,CON
506,imp,8/11/2021,2021223,eutrochium,GOLO,2,A,0,0,2.355,,RY,C,CON
507,imp,8/11/2021,2021223,eutrochium,GOLO,2,NA,NA,NA,NA,,NA,C dead 8/12 RY,CON
508,imp,8/11/2021,2021223,eutrochium,GOLO,2,A,0,0,2.249,,RY,C,CON
509,imp,8/11/2021,2021223,eutrochium,GOLO,2,NA,NA,NA,NA,,NA,C dead 8/12 RY,CON
510,imp,8/11/2021,2021223,dahlia,GOLO,2,A,0,0,2.512,,SG,C dirty sample,CON
511,imp,8/11/2021,2021223,eutrochium,GOLO,2,NA,NA,NA,NA,,NA,C dead 8/12 RY,CON
512,imp,8/11/2021,2021223,eutrochium,GOLO,2,NA,NA,NA,NA,,NA,dead 8/12 RY,CON
513,imp,8/11/2021,2021223,eutrochium,GOLO,2,NA,NA,NA,NA,,NA,C dead 8/12 RY,CON
514,imp,8/11/2021,2021223,eutrochium,GOLO,2,A,0,0,2.319,,SG,C,CON
515,imp,8/11/2021,2021223,eutrochium,GOLO,2,A,0,0,NA,,SG,C wing measurements between 515 and 516 2.226/2.806,CON
516,imp,8/11/2021,2021223,ageratum,GOLO,2,A,0,0,NA,,RY,wing measurements between 515 and 516 2.226/2.806,CON
517,imp,8/11/2021,2021223,dahlia,GOLO,2,P,7,0.84509804,2.52,,RY,,CON
518,imp,8/11/2021,2021223,eutrochium,GOLO,2,NA,NA,NA,NA,,NA,C dead 8/12 RY,CON
519,imp,8/11/2021,2021223,eutrochium,GOLO,2,P,37,1.568201724,2.213,,RY,,CON
520,imp,8/11/2021,2021223,eutrochium,GOLO,2,NA,NA,NA,NA,,NA,C dead 8/12 RY,CON
521,imp,8/11/2021,2021223,dahlia,GOLO,2,P,31,1.491361694,2.958,,SG,,CON
522,imp,8/11/2021,2021223,dahlia,GOLO,2,A,0,0,2.785,,SG,,CON
523,imp,8/11/2021,2021223,dahlia,GOLO,2,P,7,0.84509804,2.772,,SG,,CON
524,imp,8/11/2021,2021223,dahlia,GOLO,2,P,32,1.505149978,2.772,,RY,,CON
525,imp,8/11/2021,2021223,eutrochium,GOLO,2,P,83,1.919078092,2.495,,RY,,CON
526,imp,8/11/2021,2021223,dahlia,GOLO,2,P,9,0.954242509,2.676,,SG,,CON
527,imp,8/11/2021,2021223,zinnia,GOLO,2,P,396,2.597695186,2.935,,SG,C,CON
528,imp,8/11/2021,2021223,dahlia,GOLO,2,A,0,0,2.708,,RY,C,CON
529,imp,8/11/2021,2021223,ageratum,GOLO,2,P,9,0.954242509,2.772,,SG,C,CON
530,imp,8/11/2021,2021223,celosia,GOLO,2,P,46,1.662757832,2.125,,RY,C,CON
531,imp,8/11/2021,2021223,dahlia,GOLO,2,A,0,0,2.476,,SG,,CON
532,imp,8/12/2021,2021224,celosia,LASA,2,P,1,0,2.293,,SG,,CUT
533,imp,8/12/2021,2021224,celosia,LASA,2,P,38,1.579783597,2.729,,RY,C,CUT
534,imp,8/12/2021,2021224,zinnia,LASA,2,A,0,0,3.093,,RY,C,CUT
535,imp,8/12/2021,2021224,asters,LASA,2,P,570,2.755874856,2.652,,SG,,CUT
536,imp,8/12/2021,2021224,celosia,LASA,2,A,0,0,2.694,,SG,,CUT
537,imp,8/12/2021,2021224,celosia,LASA,2,P,5,0.698970004,2.666,,SG,C old,CUT
538,imp,8/12/2021,2021224,zinnia,LASA,2,P,1,0,2.833,,SG,,CUT
539,imp,8/12/2021,2021224,celosia,LASA,2,P,6,0.77815125,2.517,,RY,,CUT
540,imp,8/12/2021,2021224,zinnia,LASA,2,A,0,0,2.793,,RY,,CUT
541,imp,8/12/2021,2021224,zinnia,LASA,2,A,0,0,2.615,,RY,,CUT
542,imp,8/12/2021,2021224,helianthus,LASA,2,P,1,0,2.19,,RY,,CUT
543,imp,8/12/2021,2021224,zinnia,LASA,2,A,0,0,2.842,,RY,,CUT
544,imp,8/12/2021,2021224,zinnia,LASA,2,P,18,1.255272505,2.854,,SG,,CUT
545,imp,8/12/2021,2021224,celosia,LASA,2,P,29,1.462397998,2.539,,RY,,CUT
546,imp,8/12/2021,2021224,zinnia,LASA,2,A,0,0,2.658,,RY,C,CUT
547,imp,8/12/2021,2021224,zinnia,LASA,2,P,39,1.591064607,2.474,,SG,,CUT
548,imp,8/12/2021,2021224,zinnia,LASA,2,P,91,1.959041392,2.918,,SG,,CUT
549,imp,8/12/2021,2021224,zinnia,LASA,2,A,0,0,2.587,,RY,,CUT
550,imp,8/12/2021,2021224,zinnia,LASA,2,P,3,0.477121255,2.588,,SG,,CUT
551,imp,8/12/2021,2021224,ageratum,LASA,2,P,27,1.431363764,2.247,,SG,,CUT
552,imp,8/12/2021,2021224,zinnia,LASA,2,P,6,0.77815125,2.519,,SG,,CUT
553,imp,8/12/2021,2021224,celosia,LASA,2,P,30,1.477121255,2.871,,RY,,CUT
554,imp,8/12/2021,2021224,celosia,LASA,2,A,0,0,2.408,,RY,,CUT
555,imp,8/12/2021,2021224,zinnia,LASA,2,P,3,0.477121255,2.753,,SG,small rods swimmers,CUT
556,imp,8/12/2021,2021224,zinnia,LASA,2,P,114,2.056904851,2.687,,SG,,CUT
557,imp,8/12/2021,2021224,zinnia,LASA,2,A,0,0,2.769,,RY,C,CUT
558,imp,8/12/2021,2021224,zinnia,LASA,2,P,6,0.77815125,2.649,,SG,C,CUT
559,imp,8/12/2021,2021224,zinnia,LASA,2,A,0,0,2.525,,RY,,CUT
560,imp,8/12/2021,2021224,celosia,LASA,2,P,1,0,2.123,,SG,,CUT
561,imp,8/12/2021,2021224,zinnia,LASA,2,P,220,2.342422681,3.018,,SG,,CUT
562,imp,8/12/2021,2021224,celosia,LASA,2,P,6,0.77815125,2.411,,SG,,CUT
563,imp,8/12/2021,2021224,eutrochium,GOLO,2,P,40,1.602059991,2.012,,SG,,CON
564,imp,8/12/2021,2021224,eutrochium,GOLO,2,P,39,1.591064607,2.392,,RY,,CON
565,imp,8/12/2021,2021224,cilantro,GOLO,2,P,34,1.531478917,2.663,,RY,C,CON
566,imp,8/12/2021,2021224,basil,GOLO,2,P,84,1.924279286,2.728,,SG,,CON
567,imp,8/12/2021,2021224,eutrochium,GOLO,2,P,363,2.559906625,2.715,,SG,C,CON
568,imp,8/12/2021,2021224,eutrochium,GOLO,2,A,0,0,2.195,,RY,,CON
569,imp,8/12/2021,2021224,eutrochium,GOLO,2,P,1,0,2.171,,SG,,CON
570,imp,8/12/2021,2021224,eutrochium,GOLO,2,A,0,0,NA,,SG,wing crunched,CON
571,imp,8/12/2021,2021224,dahlia,GOLO,2,P,8,0.903089987,2.661,,RY,C missing some ringer solution so very dirty and hard to count,CON
572,imp,8/12/2021,2021224,cilantro,GOLO,2,NA,NA,NA,NA,,NA,C dead 8/13/ RY,CON
573,imp,8/12/2021,2021224,cilantro,GOLO,2,NA,NA,NA,NA,,NA,dead 8/13/ RY,CON
574,imp,8/12/2021,2021224,dahlia,GOLO,2,P,2,0.301029996,2.626,,RY,,CON
575,imp,8/12/2021,2021224,eutrochium,GOLO,2,P,16,1.204119983,2.322,,RY,C,CON
576,imp,8/12/2021,2021224,basil,GOLO,2,NA,NA,NA,NA,,NA,C dead 8/13 RY,CON
577,imp,8/12/2021,2021224,snapdragon,GOLO,2,A,0,0,2.37,,RY,C,CON
578,imp,8/12/2021,2021224,basil,GOLO,2,P,7,0.84509804,2.654,,SG,C black guts (not dead),CON
579,imp,8/12/2021,2021224,eutrochium,GOLO,2,NA,NA,NA,NA,,NA,escaped 8/13 RY,CON
580,imp,8/12/2021,2021224,basil,GOLO,2,P,37,1.568201724,2.409,,RY,C,CON
581,imp,8/12/2021,2021224,basil,GOLO,2,P,62,1.792391689,2.438,,RY,,CON
582,imp,8/12/2021,2021224,cilantro,GOLO,2,NA,NA,NA,NA,,NA,dead 8/13 RY,CON
583,imp,8/12/2021,2021224,eutrochium,GOLO,2,A,0,0,2.022,,SG,C,CON
584,imp,8/12/2021,2021224,eutrochium,GOLO,2,P,16,1.204119983,2.406,,RY,,CON
585,imp,8/12/2021,2021224,dahlia,GOLO,2,P,21,1.322219295,2.16,,RY,,CON
586,imp,8/16/2021,2021228,silphium,SIMP,3,A,0,0,2.556,,RY,,CON
587,imp,8/16/2021,2021228,cosmos,SIMP,3,P,1,0,2.401,,RY,,CON
588,imp,8/16/2021,2021228,cosmos,SIMP,3,P,101,2.004321374,2.89,,SG,,CON
589,imp,8/16/2021,2021228,zinnia,SIMP,3,P,1,0,2.847,,RY,,CON
590,imp,8/16/2021,2021228,zinnia,SIMP,3,A,0,0,3.143,,SG,,CON
591,imp,8/16/2021,2021228,zinnia,SIMP,3,A,0,0,2.61,,SG,small rods,CON
592,imp,8/16/2021,2021228,cosmos,SIMP,3,A,0,0,2.44,,RY,,CON
593,imp,8/16/2021,2021228,silphium,SIMP,3,A,0,0,2.122,,SG,,CON
594,imp,8/16/2021,2021228,silphium,SIMP,3,A,0,0,2.71,,SG,,CON
595,imp,8/16/2021,2021228,silphium,SIMP,3,A,0,0,2.119,,SG,,CON
596,imp,8/16/2021,2021228,zinnia,SIMP,3,A,0,0,2.584,,RY,,CON
597,imp,8/16/2021,2021228,zinnia,SIMP,3,A,0,0,2.555,,SG,,CON
598,imp,8/16/2021,2021228,tomato,SIMP,3,P,7,0.84509804,2.846,,SG,,CON
599,imp,8/16/2021,2021228,cosmos,SIMP,3,A,0,0,NA,,SG,,CON
600,imp,8/16/2021,2021228,cosmos,SIMP,3,A,0,0,2.614,,SG,,CON
601,imp,8/16/2021,2021228,silphium,SIMP,3,P,6,0.77815125,1.863,,RY,,CON
602,imp,8/16/2021,2021228,cosmos,SIMP,3,P,103,2.012837225,2.883,,SG,small rods,CON
603,imp,8/16/2021,2021228,silphium,SIMP,3,A,0,0,3.228,,SG,,CON
604,imp,8/16/2021,2021228,cosmos,SIMP,3,A,0,0,2.57,,SG,,CON
605,imp,8/16/2021,2021228,cosmos,SIMP,3,A,0,0,2.656,,SG,yellow C load,CON
606,imp,8/16/2021,2021228,cosmos,SIMP,3,A,0,0,2.219,,RY,,CON
607,imp,8/16/2021,2021228,cosmos,SIMP,3,P,1,0,2.592,,SG,,CON
608,imp,8/16/2021,2021228,silphium,SIMP,3,P,1,0,2.138,,SG,,CON
609,imp,8/16/2021,2021228,zinnia,SIMP,3,A,0,0,2.851,,RY,,CON
610,imp,8/16/2021,2021228,tomato,SIMP,3,A,0,0,2.423,,RY,Cream C load,CON
611,imp,8/16/2021,2021228,tomato,SIMP,3,A,0,0,2.749,,RY,,CON
612,imp,8/16/2021,2021228,silphium,SIMP,3,NA,NA,NA,NA,,NA,dead,CON
613,imp,8/16/2021,2021228,zinnia,SIMP,3,A,0,0,2.861,,RY,,CON
614,imp,8/16/2021,2021228,zinnia,SIMP,3,A,0,0,3.023,,SG,,CON
615,imp,8/16/2021,2021228,silphium,SIMP,3,A,0,0,2.609,,RY,,CON
616,imp,8/16/2021,2021228,zinnia,SIMP,3,A,0,0,2.775,,RY,,CON
617,imp,8/16/2021,2021228,zinnia,SIMP,3,P,2,0.301029996,2.939,,SG,,CON
618,imp,8/16/2021,2021228,tomato,SIMP,3,A,0,0,2.503,,RY,,CON
619,imp,8/16/2021,2021228,cosmos,SIMP,3,P,11,1.041392685,2.411,,SG,,CON
620,imp,8/16/2021,2021228,cosmos,SIMP,3,A,0,0,2.566,,SG,,CON
621,imp,8/16/2021,2021228,zinnia,SIMP,3,A,0,0,2.336,,SG,,CON
622,imp,8/16/2021,2021228,zinnia,SIMP,3,A,0,0,2.614,,SG,,CON
623,imp,8/16/2021,2021228,cosmos,SIMP,3,P,61,1.785329835,2.396,,RY,,CON
624,imp,8/16/2021,2021228,cosmos,SIMP,3,A,0,0,2.747,,RY,,CON
625,imp,8/16/2021,2021228,cosmos,SIMP,3,A,0,0,2.527,,RY,,CON
626,imp,8/16/2021,2021228,cosmos,SIMP,3,A,0,0,2.712,,RY,,CON
627,imp,8/16/2021,2021228,silphium,SIMP,3,A,0,0,2.236,,RY,,CON
628,imp,8/16/2021,2021228,cosmos,SIMP,3,NA,NA,NA,NA,,NA,dead,CON
629,imp,8/16/2021,2021228,silphium,SIMP,3,P,78,1.892094603,1.884,,RY,,CON
630,imp,8/17/2021,2021229,cosmos,LAUR,3,P,30,1.477121255,2.461,,EK,,CUT
631,imp,8/17/2021,2021229,cosmos,LAUR,3,A,0,0,2.412,,SG,,CUT
632,imp,8/17/2021,2021229,cosmos,LAUR,3,P,4,0.602059991,2.56,,SG,,CUT
633,imp,8/17/2021,2021229,cosmos,LAUR,3,P,78,1.892094603,2.571,,RY,,CUT
634,imp,8/17/2021,2021229,zinnia,LAUR,3,A,0,0,2.442,,RY,,CUT
635,imp,8/17/2021,2021229,zinnia,LAUR,3,NA,NA,NA,NA,,NA,dead,CUT
636,gris,8/17/2021,2021229,cosmos,LAUR,3,P,97,1.986771734,NA,,EK,*mixed up IDs but we are pretty sure this is correct,CUT
637,gris,8/17/2021,2021229,cosmos,LAUR,3,P,278,2.444044796,3.151242,3.49,RY,triple tube mix up,CUT
638,imp,8/17/2021,2021229,zinnia,LAUR,3,P,10,1,2.869,,RY,,CUT
639,gris,8/17/2021,2021229,calendula,LAUR,3,P,129,2.11058971,NA,,EK,*mixed up IDS but pretty sure we are correct,CUT
640,gris,8/17/2021,2021229,zinnia,LAUR,3,P,166,2.220108088,3.071662,3.39,EK,,CUT
641,gris,8/17/2021,2021229,cosmos,LAUR,3,P,228,2.357934847,3.032,,SG,,CUT
642,imp,8/17/2021,2021229,zinnia,LAUR,3,A,0,0,3.002,,RY,,CUT
643,gris,8/17/2021,2021229,zinnia,LAUR,3,P,165,2.217483944,3.151242,3.49,SG,queen?,CUT
644,imp,8/17/2021,2021229,cosmos,LAUR,3,P,7,0.84509804,2.28,,EK,,CUT
645,bimac,8/17/2021,2021229,cosmos,LAUR,3,P,428,2.631443769,2.649888,2.86,SG,,CUT
646,gris,8/17/2021,2021229,cosmos,LAUR,3,NA,NA,NA,NA,,NA,"queen, died",CUT
647,imp,8/17/2021,2021229,cosmos,LAUR,3,P,65,1.812913357,2.555,,EK,,CUT
648,imp,8/17/2021,2021229,cosmos,LAUR,3,A,0,0,2.38,,RY,,CUT
649,imp,8/17/2021,2021229,ageratum,LAUR,3,A,0,0,2.553,,RY,,CUT
650,imp,8/17/2021,2021229,zinnia,LAUR,3,A,0,0,2.873,,SG,missing small intenstine,CUT
651,imp,8/17/2021,2021229,cosmos,LAUR,3,A,0,0,2.279,,RY,,CUT
652,imp,8/17/2021,2021229,zinnia,LAUR,3,P,41,1.612783857,3.045,,RY,,CUT
653,imp,8/17/2021,2021229,zinnia,LAUR,3,A,0,0,2.885,,RY,,CUT
654,imp,8/17/2021,2021229,zinnia,LAUR,3,A,0,0,2.481,,RY,,CUT
655,imp,8/17/2021,2021229,zinnia,LAUR,3,P,215,2.33243846,2.719,,EK,,CUT
656,imp,8/17/2021,2021229,zinnia,LAUR,3,NA,NA,NA,NA,,NA,escaped *,CUT
657,imp,8/17/2021,2021229,zinnia,LAUR,3,P,8,0.903089987,2.758,,SG,,CUT
658,imp,8/17/2021,2021229,zinnia,LAUR,3,A,0,0,2.756,,SG,,CUT
659,imp,8/17/2021,2021229,zinnia,LAUR,3,A,0,0,2.562,,SG,,CUT
660,imp,8/17/2021,2021229,zinnia,LAUR,3,A,0,0,2.799,,SG,,CUT
661,imp,8/17/2021,2021229,zinnia,LAUR,3,A,0,0,2.774,,SG,,CUT
662,imp,8/17/2021,2021229,zinnia,LAUR,3,A,0,0,2.841,,RY,,CUT
663,imp,8/17/2021,2021229,cosmos,LAUR,3,A,0,0,2.952,,RY,,CUT
664,imp,8/17/2021,2021229,zinnia,LAUR,3,A,0,0,2.664,,SG,,CUT
665,imp,8/17/2021,2021229,zinnia,LAUR,3,A,0,0,2.984,,SG,,CUT
666,imp,8/17/2021,2021229,zinnia,LAUR,3,A,0,0,2.7613,3,EK,,CUT
667,imp,8/17/2021,2021229,zinnia,LAUR,3,NA,NA,NA,NA,,NA,dead,CUT
668,imp,8/17/2021,2021229,zinnia,LAUR,3,A,0,0,2.431,,SG,,CUT
669,imp,8/17/2021,2021229,zinnia,LAUR,3,A,0,0,2.31,,EK,,CUT
670,imp,8/17/2021,2021229,zinnia,LAUR,3,A,0,0,2.779,,RY,,CUT
671,imp,8/17/2021,2021229,zinnia,LAUR,3,A,0,0,2.891,,SG,,CUT
672,imp,8/17/2021,2021229,zinnia,LAUR,3,A,0,0,2.395,,SG,old,CUT
673,imp,8/17/2021,2021229,zinnia,LAUR,3,A,0,0,2.43,,RY,*,CUT
674,imp,8/17/2021,2021229,zinnia,LAUR,3,A,0,0,NA,,RY,wing folded,CUT
675,imp,8/17/2021,2021229,zinnia,LAUR,3,P,92,1.963787827,2.744,,EK,,CUT
676,imp,8/17/2021,2021229,zinnia,LAUR,3,P,63,1.799340549,2.482,,EK,,CUT
677,imp,8/17/2021,2021229,zinnia,LAUR,3,A,0,0,2.637,,RY,,CUT
678,imp,8/17/2021,2021229,zinnia,LAUR,3,A,0,0,2.694,,SG,,CUT
679,imp,8/18/2021,2021230,eutrochium,GOLO,3,P,26,1.414973348,2.407,,RY,,CON
680,imp,8/18/2021,2021230,eutrochium,GOLO,3,P,25,1.397940009,2.15,,RY,,CON
681,imp,8/18/2021,2021230,dahlia,GOLO,3,P,2,0.301029996,2.935,,SG,,CON
682,vagans,8/18/2021,2021230,spiraea,GOLO,3,A,0,0,2.73,,SG,,CON
683,imp,8/18/2021,2021230,eutrochium,GOLO,3,A,0,0,2.957,,SG,,CON
684,imp,8/18/2021,2021230,eutrochium,GOLO,3,P,19,1.278753601,2.358,,SG,,CON
685,imp,8/18/2021,2021230,eutrochium,GOLO,3,A,0,0,1.984,,RY,,CON
686,imp,8/18/2021,2021230,zinnia,GOLO,3,A,0,0,2.85,,RY,,CON
687,imp,8/18/2021,2021230,eutrochium,GOLO,3,A,0,0,2.531,,SG,,CON
688,vagans,8/18/2021,2021230,spiraea,GOLO,3,A,0,0,2.418,,SG,,CON
689,imp,8/18/2021,2021230,eutrochium,GOLO,3,P,23,1.361727836,2.183,,SG,,CON
690,imp,8/18/2021,2021230,basil,GOLO,3,P,53,1.72427587,3.023,,RY,,CON
691,imp,8/18/2021,2021230,ageratum,GOLO,3,P,23,1.361727836,2.664,,RY,,CON
692,imp,8/18/2021,2021230,myosotis,GOLO,3,A,0,0,2.618,,RY,,CON
693,imp,8/18/2021,2021230,ageratum,GOLO,3,A,0,0,2.911,,SG,,CON
694,imp,8/18/2021,2021230,spiraea,GOLO,3,P,1,0,2.303,,RY,,CON
695,imp,8/18/2021,2021230,eutrochium,GOLO,3,P,3,0.477121255,2.241,,RY,,CON
696,imp,8/18/2021,2021230,eutrochium,GOLO,3,P,49,1.69019608,2.627,,SG,,CON
697,imp,8/18/2021,2021230,eutrochium,GOLO,3,A,0,0,2.554,,SG,,CON
698,imp,8/18/2021,2021230,dahlia,GOLO,3,P,62,1.792391689,2.766,,RY,,CON
699,imp,8/18/2021,2021230,zinnia,GOLO,3,A,0,0,2.895,,RY,,CON
700,imp,8/18/2021,2021230,eutrochium,GOLO,3,A,0,0,2.161,,RY,,CON
701,vagans,8/18/2021,2021230,spiraea,GOLO,3,A,0,0,2.129,,RY,,CON
702,imp,8/18/2021,2021230,tomato,GOLO,3,P,7,0.84509804,2.983,,RY,,CON
703,imp,8/18/2021,2021230,zinnia,GOLO,3,A,0,0,2.774,,SG,,CON
704,imp,8/18/2021,2021230,NA,GOLO,3,A,0,0,2.392,,RY,,CON
705,imp,8/18/2021,2021230,centaurea,GOLO,3,A,0,0,2.882,,RY,,CON
706,imp,8/18/2021,2021230,zinnia,GOLO,3,A,0,0,2.902,,RY,,CON
707,imp,8/18/2021,2021230,spiraea,GOLO,3,A,0,0,2.665,,RY,,CON
708,imp,8/18/2021,2021230,eutrochium,GOLO,3,P,66,1.819543936,2.558,,SG,,CON
709,imp,8/18/2021,2021230,dahlia,GOLO,3,NA,NA,NA,NA,,NA,not used weird abdomen,CON
710,imp,8/18/2021,2021230,dahlia,GOLO,3,A,0,0,2.571,,RY,,CON
711,imp,8/18/2021,2021230,zinnia,GOLO,3,A,0,0,2.654,,RY,,CON
712,imp,8/18/2021,2021230,eutrochium,GOLO,3,P,1,0,2.675,,SG,,CON
713,imp,8/18/2021,2021230,eutrochium,GOLO,3,P,23,1.361727836,2.432,,RY,,CON
714,imp,8/18/2021,2021230,eutrochium,GOLO,3,NA,NA,NA,NA,,NA ,dead 8/19/21,CON
715,imp,8/18/2021,2021230,spiraea,GOLO,3,P,48,1.681241237,2.807,,RY,,CON
716,imp,8/18/2021,2021230,zinnia,GOLO,3,NA,NA,NA,NA,,NA,dead 8/19/21,CON
717,imp,8/18/2021,2021230,eutrochium,GOLO,3,P,30,1.477121255,2.426,,RY,,CON
718,NA,8/18/2021,2021230,NA,GOLO,3,P,35,1.544068044,3.684,,SG,"pinned, vagans/gris",CON
719,imp,8/18/2021,2021230,zinnia,GOLO,3,A,0,0,2.735,,RY,,CON
720,imp,8/19/2021,2021231,zinnia,LASA,3,A,0,0,2.607,,RY,C,CUT
721,imp,8/19/2021,2021231,ageratum,LASA,3,P,71,1.851258349,2.175,2.27,SG,C,CUT
722,imp,8/19/2021,2021231,zinnia,LASA,3,A,0,0,2.767,2.91,SG,C,CUT
723,imp,8/19/2021,2021231,zinnia,LASA,3,NA,NA,NA,NA,,NA,C,CUT
724,imp,8/19/2021,2021231,zinnia,LASA,3,NA,NA,NA,NA,,NA,C,CUT
725,imp,8/19/2021,2021231,zinnia,LASA,3,P,4,0.602059991,2.84,,RY,C,CUT
726,imp,8/19/2021,2021231,ageratum,LASA,3,P,24,1.380211242,2.632,,RY,C,CUT
727,imp,8/19/2021,2021231,ageratum,LASA,3,A,0,0,2.104,,RY,C,CUT
728,imp,8/19/2021,2021231,zinnia,LASA,3,A,0,0,2.243,,SG,C,CUT
729,imp,8/19/2021,2021231,celosia,LASA,3,P,15,1.176091259,2.711,,RY,C,CUT
730,imp,8/19/2021,2021231,celosia,LASA,3,A,0,0,2.563,,RY,C,CUT
731,imp,8/19/2021,2021231,zinnia,LASA,3,P,23,1.361727836,NA,,SG,C,CUT
732,imp,8/19/2021,2021231,ageratum,LASA,3,A,0,0,2.365,2.6,SG,C,CUT
733,imp,8/19/2021,2021231,zinnia,LASA,3,A,0,0,2.776,,RY,C,CUT
734,imp,8/19/2021,2021231,zinnia,LASA,3,P,74,1.86923172,2.787,3.03,SG,C,CUT
735,imp,8/19/2021,2021231,zinnia,LASA,3,A,0,0,2.862,,SG,C,CUT
736,imp,8/19/2021,2021231,zinnia,LASA,3,A,0,0,2.9,3.18,RY,,CUT
737,imp,8/19/2021,2021231,ageratum,LASA,3,P,22,1.342422681,2.798,,SG,,CUT
738,imp,8/19/2021,2021231,celosia,LASA,3,A,0,0,2.362,,RY,,CUT
739,imp,8/19/2021,2021231,zinnia,LASA,3,P,200,2.301029996,2.802,2.99,SG,,CUT
740,imp,8/19/2021,2021231,zinnia,LASA,3,A,0,0,2.52,,RY,,CUT
741,imp,8/19/2021,2021231,celosia,LASA,3,P,1,0,2.244,2.48,RY,,CUT
742,imp,8/19/2021,2021231,celosia,LASA,3,NA,NA,NA,NA,,NA,dead,CUT
743,imp,8/19/2021,2021231,celosia,LASA,3,P,54,1.73239376,2.944,3.2,SG,,CUT
744,imp,8/19/2021,2021231,zinnia,LASA,3,A,0,0,2.674,2.76,SG,,CUT
745,imp,8/19/2021,2021231,celosia,LASA,3,A,0,0,2.567,2.64,SG,,CUT
746,imp,8/19/2021,2021231,celosia,LASA,3,A,0,0,2.404,2.47,RY,,CUT
747,imp,8/19/2021,2021231,celosia,LASA,3,A,0,0,2.563,,RY,,CUT
748,imp,8/19/2021,2021231,celosia,LASA,3,A,0,0,NA,,RY,broken wing,CUT
749,imp,8/19/2021,2021231,celosia,LASA,3,P,23,1.361727836,2.376,,RY,,CUT
750,imp,8/19/2021,2021231,zinnia,LASA,3,P,71,1.851258349,2.716,2.93,SG,,CUT
751,imp,8/19/2021,2021231,zinnia,LASA,3,A,0,0,3,,RY,,CUT
752,imp,8/19/2021,2021231,zinnia,LASA,3,A,0,0,2.94,,RY,,CUT
753,imp,8/19/2021,2021231,zinnia,LASA,3,A,0,0,2.873,,RY,,CUT
754,imp,8/19/2021,2021231,zinnia,LASA,3,A,0,0,2.773,,RY,,CUT
755,imp,8/19/2021,2021231,zinnia,LASA,3,A,0,0,2.485,2.83,SG,blackish guts,CUT
756,vagans,8/19/2021,2021231,snapdragon,LASA,3,P,87,1.939519253,2.809048,3.06,RY,,CUT
757,imp,8/19/2021,2021231,zinnia,LASA,3,P,64,1.806179974,2.77,3,SG,,CUT
758,imp,8/19/2021,2021231,celosia,LASA,3,A,0,0,2.634,2.95,SG,,CUT
759,imp,8/19/2021,2021231,zinnia,LASA,3,P,4,0.602059991,2.75,2.91,SG,,CUT
760,imp,8/19/2021,2021231,zinnia,LASA,3,A,0,0,2.866,3.22,SG,,CUT
