date,visit,farm,genus,num_row,row_length,row_cnt,inflr_count,tot_inflr,initials,sf_nsfcut_border,cut_border,row_cover,notes
7/15/2021,1,RCUT,zinnia,1,202,10,85,1717,TK,nsfcut,cut,row,
7/15/2021,1,RCUT,ageratum,1,51,10,40,204,TK,nsfcut,cut,row,
7/15/2021,1,RCUT,tanacetum,1,11.5,5,147,338.1,TK,nsfcut,cut,row,
7/15/2021,1,RCUT,tanacetum,1,13,5,131,340.6,TK,nsfcut,cut,row,
7/15/2021,1,RCUT,tanacetum,1,52.5,5,143,1501.5,LSA,nsfcut,cut,row,
7/15/2021,1,RCUT,tanacetum,1,90.5,5,90,1629,KT,nsfcut,cut,row,
7/15/2021,1,RCUT,tanacetum,1,13,5,110,286,KT,nsfcut,cut,row,
7/15/2021,1,RCUT,helichrysum,1,95,10,31,294.5,KT ,nsfcut,cut,row,possibly xerochrysum?
7/15/2021,1,RCUT,calendula,1,21,5,145,609,LSA,nsfcut,cut,row,
7/15/2021,1,RCUT,calendula,1,18,5,45,162,RY,nsfcut,cut,row,
7/15/2021,1,RCUT,zinnia,1,26,10,16,41.6,RY,nsfcut,cut,row,
7/15/2021,1,RCUT,ageratum,1,11.5,5,27,62.1,RY,nsfcut,cut,row,
7/15/2021,1,RCUT,zinnia,1,7.5,7.5,12,12,RY,nsfcut,cut,row,
7/15/2021,1,RCUT,calendula,1,26,5,70,364,RY,nsfcut,cut,row,
7/15/2021,1,RCUT,calendula,1,24,10,6,14.4,RY,nsfcut,cut,row,
7/15/2021,1,RCUT,cosmos,1,109.5,10,10,109.5,RY,nsfcut,cut,row,
7/15/2021,1,RCUT,tanacetum,1,47,10,42,197.4,TK,nsfcut,cut,row,
7/15/2021,1,RCUT,zinnia,1,19,10,40,76,TK,nsfcut,cut,row,
7/15/2021,1,RCUT,zinnia,1,36,10,7,25.2,TK,nsfcut,cut,row,
7/15/2021,1,RCUT,leucanthemum,1,13,13,69,69,TK,nsfcut,cut,row,not sure about ID
7/15/2021,1,RCUT,calendula,1,59,10,70,413,RY,nsfcut,cut,row,more flowers
7/15/2021,1,RCUT,calendula,1,38,10,9,34.2,RY,nsfcut,cut,row,sparse pollen
7/19/2021,1,SIMP,zinnia,1,68,24,4,11.33333333,TK,nsfcut,cut,row,
7/19/2021,1,SIMP,cosmos,1,46,15,16,49.06666667,TK,nsfcut,cut,row,
7/19/2021,1,SIMP,cosmos,1,60,60,21,21,TK,nsfcut,cut,row,
7/19/2021,1,SIMP,zinnia,2,51,51,18,36,SG,nsfcut,cut,row,
7/19/2021,1,SIMP,zinnia,1,98,10,7,68.6,SG,nsfcut,cut,row,
7/19/2021,1,SIMP,zinnia,1,83,10,7,58.1,SG,nsfcut,cut,row,
7/19/2021,1,SIMP,cosmos,1,87,15,17,98.6,SG,nsfcut,cut,row,
7/19/2021,1,SIMP,cosmos,1,87,87,53,53,SG,nsfcut,cut,row,
7/19/2021,1,SIMP,zinnia,1,102,102,14,14,RY,nsfcut,cut,row,
7/19/2021,1,SIMP,zinnia,1,177,10,8,141.6,RY,nsfcut,cut,row,
7/19/2021,1,SIMP,zinnia,1,39,39,14,14,RY,nsfcut,cut,row,
7/19/2021,1,SIMP,helianthus,2,285,20,6,171,RY,sf,cut,row,"not sure if sterile or non-sterile, pretty sure its sterile"
7/20/2021,1,LAUR,cosmos,1,330,10,23,759,TK,nsfcut,cut,row,galinsogas throughout most of the flowers
7/20/2021,1,LAUR,cosmos,1,134,30,9,40.2,TK,nsfcut,cut,row,galinsogas throughout most of the flowers
7/20/2021,1,LAUR,cosmos,1,261,30,4,34.8,TK,nsfcut,cut,row,galinsogas throughout most of the flowers
7/20/2021,1,LAUR,cosmos,1,47,47,9,9,TK,nsfcut,cut,row,galinsogas throughout most of the flowers
7/20/2021,1,LAUR,galinsoga,1,108,10,118,1274.4,TK,border,border,row,"wild galinsogas throughout most of the flowers, very small flower, no bumble bee observed visiting "
7/20/2021,1,LAUR,galinsoga,1,52,9,139,803.1111111,TK,border,border,row,"wild galinsogas throughout most of the flowers, very small flower, no bumble bee observed visiting "
7/20/2021,1,LAUR,cosmos,1,190,190,98,98,TK,nsfcut,cut,row,galinsogas throughout most of the flowers
7/21/2021,1,LAUR,ageratum,1,49,5,23,225.4,RK,nsfcut,cut,row,
7/21/2021,1,LAUR,ageratum,1,10,5,23,46,RY,nsfcut,cut,row,
7/21/2021,1,LAUR,zinnia,1,49,10,4,19.6,RY,nsfcut,cut,row,
7/21/2021,1,LAUR,zinnia,1,30,10,4,12,RY,nsfcut,cut,row,
7/21/2021,1,LAUR,zinnia,1,118,10,33,389.4,RY,nsfcut,cut,row,
7/21/2021,1,LAUR,cosmos,1,70,70,38,38,RY,nsfcut,cut,row,
7/21/2021,1,LAUR,zinnia,1,12,10,10,12,RY,nsfcut,cut,row,
7/21/2021,1,LAUR,zinnia,1,233,10,15,349.5,RY,nsfcut,cut,row,
7/21/2021,1,LAUR,zinnia,1,16,16,20,20,RY,nsfcut,cut,row,
7/21/2021,1,LAUR,zinnia,1,50,10,6,30,RY,nsfcut,cut,row,
7/21/2021,1,LAUR,zinnia,1,94,10,6,56.4,RY,nsfcut,cut,row,
7/21/2021,1,LAUR,cosmos,1,470,470,16,16,RY,nsfcut,cut,row,
7/21/2021,1,LAUR,cosmos,1,470,470,49,49,RY,nsfcut,cut,row,
7/21/2021,1,LAUR,zinnia,1,55,10,13,71.5,RY,nsfcut,cut,row,
7/21/2021,1,LAUR,zinnia,1,324,10,13,421.2,RY,nsfcut,cut,row,quadrent 3 row 6 
7/21/2021,1,LAUR,zinnia,2,471,10,5,471,KT,nsfcut,cut,row,
7/21/2021,1,LAUR,cosmos,1,47,47,10,10,KT,nsfcut,cut,row,
7/21/2021,1,LAUR,zinnia,1,92,10,4,36.8,KT,nsfcut,cut,row,
7/21/2021,1,LAUR,cosmos,1,223,10,1,22.3,KT,nsfcut,cut,row,
7/21/2021,1,LAUR,zinnia,1,380,10,4,152,KT,nsfcut,cut,row,
7/21/2021,1,LAUR,zinnia,1,404,10,5,202,KT,nsfcut,cut,row,
7/21/2021,1,LAUR,cosmos,1,50,50,9,9,KT,nsfcut,cut,row,
7/21/2021,1,LAUR,zinnia,1,41,41,13,13,KT,nsfcut,cut,row,
7/21/2021,1,LAUR,rudbeckia,1,143,10,7,100.1,KT,nsfcut,cut,row,
7/21/2021,1,LAUR,zinnia,1,99,10,3,29.7,KT,nsfcut,cut,row,
7/21/2021,1,LAUR,zinnia,1,140,10,4,56,KT,nsfcut,cut,row,
7/21/2021,1,LAUR,rudbeckia,1,38,38,16,16,KT,nsfcut,cut,row,
7/21/2021,1,LAUR,zinnia,1,321,10,4,128.4,KT,nsfcut,cut,row,
7/21/2021,1,LAUR,rudbeckia,1,36,36,9,9,KT,nsfcut,cut,row,
7/21/2021,1,LAUR,rudbeckia,1,7,7,5,5,KT,nsfcut,cut,row,blackeye!
7/21/2021,1,LAUR,cosmos,1,184,10,8,147.2,KT,nsfcut,cut,row,
7/22/2021,1,LAUR,calendula,1,26,10,23,59.8,KT,nsfcut,cut,row,
7/22/2021,1,LAUR,calendula,1,25,10,55,137.5,KT,nsfcut,cut,row,
7/22/2021,1,LAUR,ageratum,1,15,3,10,50,KT,nsfcut,cut,row,
7/22/2021,1,LAUR,zinnia,1,130,15,7,60.66666667,KT,nsfcut,cut,row,
7/22/2021,1,LAUR,zinnia,1,200,10,10,200,KT,nsfcut,cut,row,
7/22/2021,1,LAUR,zinnia,1,130,10,20,260,KT,nsfcut,cut,row,
7/22/2021,1,LAUR,calendula,1,93,10,21,195.3,KT,nsfcut,cut,row,
7/22/2021,1,LAUR,zinnia,2,18,10,12,43.2,KT,nsfcut,cut,row,
7/22/2021,1,LAUR,zinnia,1,162,10,6,97.2,KT,nsfcut,cut,row,
7/22/2021,1,LAUR,cosmos,1,10,10,7,7,KT,nsfcut,cut,row,
7/22/2021,1,LAUR,zinnia,1,60,10,8,48,KT,nsfcut,cut,row,
7/22/2021,1,LAUR,zinnia,1,142,10,6,85.2,KT,nsfcut,cut,row,
7/22/2021,1,LAUR,zinnia,1,34,10,6,20.4,KT,nsfcut,cut,row,
7/22/2021,1,LAUR,zinnia,1,20,10,17,34,KT,nsfcut,cut,row,
7/22/2021,1,LAUR,zinnia,1,108,10,7,75.6,KT,nsfcut,cut,row,
7/22/2021,1,LAUR,zinnia,5,360,50,149,5364,TK,nsfcut,cut,row,small
7/22/2021,1,LAUR,zinnia,5,360,50,17,612,TK,nsfcut,cut,row,big
7/22/2021,1,LAUR,zinnia,9,360,20,21,3402,TK,nsfcut,cut,row,small
7/22/2021,1,LAUR,zinnia,1,200,20,21,210,TK,nsfcut,cut,row,big
7/22/2021,1,LAUR,zinnia,1,66,20,21,69.3,TK,nsfcut,cut,row,
7/22/2021,1,LAUR,zinnia,1,240,20,21,252,TK,nsfcut,cut,row,
7/22/2021,1,LAUR,zinnia,2,360,20,21,756,TK,nsfcut,cut,row,
7/22/2021,1,LAUR,calendula,1,197,10,5,98.5,TK,nsfcut,cut,row,
7/22/2021,1,LAUR,zinnia,1,60,10,4,24,TK,nsfcut,cut,row,
7/22/2021,1,LAUR,calendula,1,323,10,12,387.6,TK,nsfcut,cut,row,
7/22/2021,1,LAUR,zinnia,1,127,10,4,50.8,TK,nsfcut,cut,row,
7/22/2021,1,LAUR,zinnia,1,73,10,5,36.5,TK,nsfcut,cut,row,
7/22/2021,1,LAUR,zinnia,1,95,10,4,38,TK,nsfcut,cut,row,
7/22/2021,1,LAUR,calendula,1,271,10,10,271,TK,nsfcut,cut,row,
7/22/2021,1,LAUR,zinnia,1,378,10,53,2003.4,TK,nsfcut,cut,row,
7/22/2021,1,LAUR,zinnia,1,91,10,6,54.6,TK,nsfcut,cut,row,
7/22/2021,1,LAUR,zinnia,1,181,10,44,796.4,TK,nsfcut,cut,row,
7/22/2021,1,LAUR,zinnia,1,360,10,5,180,TK,nsfcut,cut,row,
7/22/2021,1,LAUR,zinnia,1,100,10,5,50,TK,nsfcut,cut,row,
7/23/2021,1,LAUR,cosmos,1,115,10,13,149.5,RY,nsfcut,cut,row,quadren 3 row 7 start here
7/23/2021,1,LAUR,aster,1,1,1,20,20,RY,nsfcut,cut,row,
7/23/2021,1,LAUR,centaurea,1,42,10,8,33.6,KT,nsfcut,cut,row,
7/23/2021,1,LAUR,ageratum,1,215,10,70,1505,KT,nsfcut,cut,row,
7/23/2021,1,LAUR,cosmos,1,1,1,21,21,KT,nsfcut,cut,row,
7/23/2021,1,LAUR,cosmos,2,35,35,8,16,KT,nsfcut,cut,row,
7/23/2021,1,LAUR,zinnia,1,100,10,9,90,TK,nsfcut,cut,row,
7/23/2021,1,LAUR,zinnia,1,100,10,4,40,TK,nsfcut,cut,row,
7/23/2021,1,LAUR,zinnia,1,100,10,4,40,TK,nsfcut,cut,row,
7/23/2021,1,LAUR,zinnia,1,100,10,1,10,TK,nsfcut,cut,row,
7/23/2021,1,LAUR,zinnia,1,100,10,3,30,TK,nsfcut,cut,row,
7/23/2021,1,LAUR,cosmos,1,173,10,7,121.1,TK,nsfcut,cut,row,
7/23/2021,1,LAUR,cosmos,1,183,10,7,128.1,TK,nsfcut,cut,row,
7/23/2021,1,LAUR,ageratum,1,129,10,100,1290,TK,nsfcut,cut,row,
7/23/2021,1,LAUR,cosmos,1,115,10,6,69,TK,nsfcut,cut,row,
7/26/2021,1,GOLO,ageratum,1,11.5,11.5,48,48,TK,nsfcut,cut,row,
7/26/2021,1,GOLO,zinnia,1,32,10,9,28.8,TK,nsfcut,cut,row,
7/26/2021,1,GOLO,helianthus,1,10,10,25,25,TK,sf,cut,row,sterile
7/26/2021,1,GOLO,zinnia,1,131,10,21,275.1,TK,nsfcut,cut,row,
7/26/2021,1,GOLO,dahlia,1,17,17,16,16,TK,nsfcut,cut,row,
7/26/2021,1,GOLO,ageratum,1,13,5,110,286,TK,nsfcut,cut,row,
7/26/2021,1,GOLO,ageratum,1,8,5,119,190.4,KT,nsfcut,cut,row,
7/26/2021,1,GOLO,zinnia,1,47.5,10,15,71.25,KT,nsfcut,cut,row,
7/26/2021,1,GOLO,zinnia,1,6,6,12,12,KT,nsfcut,cut,row,
7/26/2021,1,GOLO,centaurea,1,10,10,35,35,KT,nsfcut,cut,row,
7/26/2021,1,GOLO,cosmos,1,4,4,11,11,KT,nsfcut,cut,row,
7/26/2021,1,GOLO,zinnia,1,14,14,24,24,KT,nsfcut,cut,row,
7/26/2021,1,GOLO,zinnia,1,10,10,19,19,KT,nsfcut,cut,row,
7/26/2021,1,GOLO,zinnia,1,21,10,8,16.8,KT,nsfcut,cut,row,
7/26/2021,1,GOLO,eutrochium,1,39,5,36,280.8,KT,border,border,row,wild on side of farm
7/26/2021,1,GOLO,eutrochium,1,17,5,36,122.4,KT,border,border,row,wild on side of farm
7/28/2021,2,RCUT,tanacetum,1,47,5,80,752,RY,nsfcut,cut,row,
7/28/2021,2,RCUT,zinnia,1,20,5,40,160,RY,nsfcut,cut,row,
7/28/2021,2,RCUT,zinnia,1,38,5,10,76,RY,nsfcut,cut,row,
7/28/2021,2,RCUT,helipterum,1,13,5,29,75.4,RY,nsfcut,cut,row,
7/28/2021,2,RCUT,zinnia,1,49,5,89,872.2,SG,nsfcut,cut,row,
7/28/2021,2,RCUT,zinnia,1,152,5,20,608,SG,nsfcut,cut,row,
7/28/2021,2,RCUT,aster,1,15,5,18,54,SG,nsfcut,cut,row,
7/28/2021,2,RCUT,ageratum,1,52,5,125,1300,SG,nsfcut,cut,row,
7/28/2021,2,RCUT,ammobium,1,12,5,85,204,SG,nsfcut,cut,row,daisy paper leaf flower? Picture in phone on notes. Do not know when the actual genera is 
7/28/2021,2,RCUT,tanacetum,1,13,2,240,1560,SG,nsfcut,cut,row,
7/28/2021,2,RCUT,tanacetum,1,112,5,160,3584,SG,nsfcut,cut,row,
7/28/2021,2,RCUT,calendula,1,13,5,21,54.6,SG,nsfcut,cut,row,
7/28/2021,2,RCUT,ageratum,1,11,5,125,275,SG,nsfcut,cut,row,
7/28/2021,2,RCUT,zinnia,1,25,5,20,100,SG,nsfcut,cut,row,
7/28/2021,2,RCUT,tanacetum,1,30,5,116,696,SG,nsfcut,cut,row,
7/28/2021,2,RCUT,tanacetum,1,30,2,120,1800,SG,nsfcut,cut,row,
7/28/2021,2,RCUT,ammobium,1,17,1,30,510,SG,nsfcut,cut,row,daisy paper leaf flower? 
7/28/2021,2,RCUT,calendula,1,13,5,85,221,SG,nsfcut,cut,row,
7/28/2021,2,RCUT,helichrysum,1,98,10,5,49,SG,nsfcut,cut,row,
7/28/2021,2,RCUT,calendula,1,4,4,4,4,KT,nsfcut,cut,row,
7/28/2021,2,RCUT,tanacetum,1,30,5,42,252,KT,nsfcut,cut,row,
7/28/2021,2,RCUT,ageratum,1,36,5,10,72,KT,nsfcut,cut,row,
7/28/2021,2,RCUT,calendula,1,31,5,10,62,KT,nsfcut,cut,row,
7/28/2021,2,RCUT,calendula,1,64,5,32,409.6,KT,nsfcut,cut,row,
7/28/2021,2,RCUT,cosmos,1,58,58,27,27,KT,nsfcut,cut,row,
7/28/2021,2,RCUT,cosmos,1,22,22,8,8,KT,nsfcut,cut,row,
7/28/2021,2,RCUT,cosmos,1,109,5,25,545,KT,nsfcut,cut,row,
7/28/2021,2,RCUT,tagetes,1,26,10,37,96.2,KT,nsfcut,cut,row,marigold
7/28/2021,2,RCUT,zinnia,1,9,5,36,64.8,KT,nsfcut,cut,row,
8/3/2021,1,LASA,rudbeckia,1,20,20,4,4,SG,nsfcut,cut,row,
8/3/2021,1,LASA,ageratum,1,38,5,50,380,SG/EK,nsfcut,cut,row,
8/3/2021,1,LASA,zinnia,1,143,10,45,643.5,SG/EK,nsfcut,cut,row,
8/3/2021,1,LASA,zinnia,1,88,10,9,79.2,SG/EK,nsfcut,cut,row,
8/3/2021,1,LASA,zinnia,1,174,10,10,174,SG/EK,nsfcut,cut,row,
8/3/2021,1,LASA,zinnia,1,174,10,45,783,SG/EK,nsfcut,cut,row,
8/3/2021,1,LASA,dahlia,4,473,473,13,52,SG/EK,nsfcut,cut,row,
8/3/2021,1,LASA,rudbeckia,1,78,2,90,3510,RY,border,border,row,wild on side of farm
8/3/2021,1,LASA,erigeron,1,69,2,150,5175,RY,border,border,row,wild on side of farm
8/3/2021,1,LASA,helianthus,1,52,52,60,60,RY,sf,cut,row,sterile
8/3/2021,1,LASA,helianthus,1,20,10,36,72,RY,sf,cut,row,sterile
8/3/2021,1,LASA,dahlia,1,445,445,20,20,RY,nsfcut,cut,row,
8/3/2021,1,LASA,dahlia,1,445,445,5,5,RY,nsfcut,cut,row,
8/4/2021,2,LAUR,zinnia,2,460,10,3,276,SG,nsfcut,cut,row,
8/4/2021,2,LAUR,cosmos,1,113,10,5,56.5,SG,nsfcut,cut,row,
8/4/2021,2,LAUR,cosmos,1,42,10,5,21,SG,nsfcut,cut,row,
8/4/2021,2,LAUR,zinnia,1,93,10,3,27.9,SG,nsfcut,cut,row,
8/4/2021,2,LAUR,zinnia,1,336,10,6,201.6,SG,nsfcut,cut,row,
8/4/2021,2,LAUR,cosmos,1,50,50,6,6,SG,nsfcut,cut,row,
8/4/2021,2,LAUR,cosmos,1,33,33,45,45,SG,nsfcut,cut,row,
8/4/2021,2,LAUR,zinnia,1,60,10,12,72,SG,nsfcut,cut,row,
8/4/2021,2,LAUR,zinnia,1,317,10,12,380.4,SG,nsfcut,cut,row,
8/4/2021,2,LAUR,tagetes,1,397,397,18,18,SG,nsfcut,cut,row,marigold
8/4/2021,2,LAUR,zinnia,1,33,10,12,39.6,SG,nsfcut,cut,row,
8/4/2021,2,LAUR,zinnia,1,100,10,12,120,SG,nsfcut,cut,row,
8/4/2021,2,LAUR,rudbeckia,1,142,70,39,79.11428571,SG,nsfcut,cut,row,
8/4/2021,2,LAUR,zinnia,1,139,10,13,180.7,SG,nsfcut,cut,row,
8/4/2021,2,LAUR,helipterum,1,300,300,40,40,SG,nsfcut,cut,row,
8/4/2021,2,LAUR,rudbeckia,1,18,18,45,45,SG,nsfcut,cut,row,
8/4/2021,2,LAUR,calendula,1,290,10,32,928,SG,nsfcut,cut,row,
8/4/2021,2,LAUR,zinnia,1,60,10,9,54,SG,nsfcut,cut,row,
8/4/2021,2,LAUR,calendula,1,160,10,32,512,SG,nsfcut,cut,row,
8/4/2021,2,LAUR,calendula,1,290,10,32,928,SG,nsfcut,cut,row,
8/4/2021,2,LAUR,cosmos,1,70,10,7,49,SG,nsfcut,cut,row,
8/4/2021,2,LAUR,ageratum,1,19,19,50,50,SG,nsfcut,cut,row,
8/4/2021,2,LAUR,rudbeckia,1,67,67,63,63,SG,nsfcut,cut,row,
8/4/2021,2,LAUR,zinnia,1,93,10,9,83.7,SG,nsfcut,cut,row,
8/4/2021,2,LAUR,helichrysum,2,9,9,1,2,KT,nsfcut,cut,row,
8/4/2021,2,LAUR,helichrysum,1,31,10,6,18.6,KT,nsfcut,cut,row,
8/4/2021,2,LAUR,ageratum,1,44,30,56,82.13333333,KT,nsfcut,cut,row,
8/4/2021,2,LAUR,ageratum,1,48,5,131,1257.6,KT,nsfcut,cut,row,
8/4/2021,2,LAUR,cosmos,1,194,194,276,276,KT,nsfcut,cut,row,
8/4/2021,2,LAUR,cosmos,1,33,11,10,30,KT,nsfcut,cut,row,
8/4/2021,2,LAUR,cosmos,1,22,2,10,110,KT,nsfcut,cut,row,
8/4/2021,2,LAUR,cosmos,1,73,5,20,292,KT,nsfcut,cut,row,
8/4/2021,2,LAUR,cosmos,1,12,81,17,2.518518519,KT,nsfcut,cut,row,
8/4/2021,2,LAUR,helichrysum,1,35,35,49,49,KT,nsfcut,cut,row,
8/4/2021,2,LAUR,cosmos,1,1,1,6,6,KT,nsfcut,cut,row,
8/4/2021,2,LAUR,calendula,1,7,35,42,8.4,KT,nsfcut,cut,row,pic 9
8/4/2021,2,LAUR,calendula,1,33,33,177,177,KT,nsfcut,cut,row,
8/4/2021,2,LAUR,zinnia,1,33,33,79,79,KT,nsfcut,cut,row,
8/4/2021,2,LAUR,cosmos,1,88,16,59,324.5,KT,nsfcut,cut,row,26
8/4/2021,2,LAUR,helichrysum,1,4,4,2,2,KT,nsfcut,cut,row,
8/4/2021,2,LAUR,helichrysum,1,16,16,15,15,KT,nsfcut,cut,row,
8/4/2021,2,LAUR,cosmos,1,15,8,27,50.625,KT,nsfcut,cut,row,
8/4/2021,2,LAUR,helichrysum,1,59,10,2,11.8,KT,nsfcut,cut,row,250
8/4/2021,2,LAUR,cosmos,1,145,138,28,29.42028986,KT,nsfcut,cut,row,112
8/4/2021,2,LAUR,cosmos,1,45,10,30,135,KT,nsfcut,cut,row,
8/4/2021,2,LAUR,cosmos,1,40,40,103,103,KT,nsfcut,cut,row,
8/4/2021,2,LAUR,cosmos,1,7,7,3,3,KT,nsfcut,cut,row,
8/4/2021,2,LAUR,cosmos,1,17,17,42,42,KT,nsfcut,cut,row,
8/4/2021,2,LAUR,cosmos,1,20,10,3,6,KT,nsfcut,cut,row,
8/4/2021,2,LAUR,cosmos,1,1,1,29,29,KT,nsfcut,cut,row,
8/4/2021,2,SIMP,echinacea,1,10,5,55,110,RY,nsfcut,cut,row,
8/4/2021,2,SIMP,erigeron,1,6,1,78,468,RY,nsfcut,cut,row,
8/4/2021,2,SIMP,erigeron,1,30,5,133,798,RY,nsfcut,cut,row,
8/4/2021,2,SIMP,zinnia,1,73,73,64,64,RY,nsfcut,cut,row,
8/4/2021,2,SIMP,calendula,1,41,41,11,11,RY,nsfcut,cut,row,
8/4/2021,2,SIMP,cosmos,1,57,57,111,111,SG/EK,nsfcut,cut,row,patchy distribution
8/4/2021,2,SIMP,centaurea,1,53,53,33,33,SG/EK,nsfcut,cut,row,patchy distribution
8/4/2021,2,SIMP,zinnia,1,156,10,13,202.8,SG/EK,nsfcut,cut,row,
8/4/2021,2,SIMP,zinnia,1,95,10,13,123.5,SG/EK,nsfcut,cut,row,
8/4/2021,2,SIMP,zinnia,1,49,10,13,63.7,SG/EK,nsfcut,cut,row,
8/4/2021,2,SIMP,cosmos,1,88,20,20,88,SG/EK,nsfcut,cut,row,cosmos tend to flower in patches
8/4/2021,2,SIMP,cosmos,1,41,20,20,41,SG/EK,nsfcut,cut,row,
8/4/2021,2,SIMP,zinnia,1,115,20,58,333.5,SG/EK,nsfcut,cut,row,
8/4/2021,2,SIMP,zinnia,1,183,20,32,292.8,SG/EK,nsfcut,cut,row,
8/4/2021,2,SIMP,zinnia,1,35,20,32,56,SG/EK,nsfcut,cut,row,
8/4/2021,2,SIMP,zinnia,2,74,20,5,37,SG/EK,nsfcut,cut,row,small plants single flower per plant
8/5/2021,2,LAUR,zinnia,1,75,10,5,37.5,SG/EK,nsfcut,cut,row,
8/5/2021,2,LAUR,zinnia,1,135,10,5,67.5,SG/EK,nsfcut,cut,row,
8/5/2021,2,LAUR,zinnia,1,240,10,31,744,SG/EK,nsfcut,cut,row,
8/5/2021,2,LAUR,zinnia,1,120,10,5,60,SG/EK,nsfcut,cut,row,
8/5/2021,2,LAUR,zinnia,1,174,10,31,539.4,SG/EK,nsfcut,cut,row,
8/5/2021,2,LAUR,zinnia,1,227,10,5,113.5,SG/EK,nsfcut,cut,row,
8/5/2021,2,LAUR,zinnia,1,92,10,11,101.2,SG/EK,nsfcut,cut,row,
8/5/2021,2,LAUR,zinnia,1,148,10,10,148,SG/EK,nsfcut,cut,row,
8/5/2021,2,LAUR,zinnia,1,82,10,7,57.4,SG/EK,nsfcut,cut,row,patchy
8/5/2021,2,LAUR,zinnia,1,82,10,5,41,SG/EK,nsfcut,cut,row,patchy
8/5/2021,2,LAUR,zinnia,1,64,10,13,83.2,SG/EK,nsfcut,cut,row,patchy
8/5/2021,2,LAUR,calendula,1,90,10,22,198,SG/EK,nsfcut,cut,row,
8/5/2021,2,LAUR,calendula,1,20,20,23,23,SG/EK,nsfcut,cut,row,
8/5/2021,2,LAUR,zinnia,1,199,10,16,318.4,SG/EK,nsfcut,cut,row,
8/5/2021,2,LAUR,zinnia,1,18,18,23,23,SG/EK,nsfcut,cut,row,
8/5/2021,2,LAUR,zinnia,1,55,10,23,126.5,SG/EK,nsfcut,cut,row,
8/5/2021,2,LAUR,calendula,1,33,10,12,39.6,SG/EK,nsfcut,cut,row,
8/5/2021,2,LAUR,zinnia,1,159,10,7,111.3,SG/EK,nsfcut,cut,row,patchy
8/5/2021,2,LAUR,zinnia,1,130,10,20,260,SG/EK,nsfcut,cut,row,
8/5/2021,2,LAUR,zinnia,2,354,10,39,2761.2,TK,nsfcut,cut,row,
8/5/2021,2,LAUR,zinnia,1,131,10,20,262,TK,nsfcut,cut,row,
8/5/2021,2,LAUR,zinnia,1,223,10,39,869.7,TK,nsfcut,cut,row,
8/5/2021,2,LAUR,zinnia,1,354,10,21,743.4,TK,nsfcut,cut,row,
8/5/2021,2,LAUR,zinnia,1,84,10,5,42,TK,nsfcut,cut,row,
8/5/2021,2,LAUR,zinnia,1,270,10,39,1053,TK,nsfcut,cut,row,
8/5/2021,2,LAUR,zinnia,1,114,10,24,273.6,TK,nsfcut,cut,row,
8/5/2021,2,LAUR,zinnia,1,231,10,19,438.9,TK,nsfcut,cut,row,
8/5/2021,2,LAUR,zinnia,1,354,10,20,708,TK,nsfcut,cut,row,
8/5/2021,2,LAUR,zinnia,3,354,10,20,2124,TK,nsfcut,cut,row,
8/5/2021,2,LAUR,zinnia,5,354,10,13,2301,TK,nsfcut,cut,row,
8/5/2021,2,LAUR,zinnia,2,354,10,10,708,TK,nsfcut,cut,row,
8/5/2021,2,LAUR,zinnia,3,354,10,18,1911.6,TK,nsfcut,cut,row,
8/5/2021,2,LAUR,zinnia,1,354,10,15,531,TK,nsfcut,cut,row,
8/5/2021,2,LAUR,zinnia,1,94,10,42,394.8,TK,nsfcut,cut,row,
8/5/2021,2,LAUR,zinnia,1,260,10,15,390,TK,nsfcut,cut,row,
8/5/2021,2,LAUR,zinnia,1,76,10,43,326.8,RY,nsfcut,cut,row,
8/5/2021,2,LAUR,zinnia,1,70,10,12,84,RY,nsfcut,cut,row,
8/5/2021,2,LAUR,zinnia,1,73,10,43,313.9,RY,nsfcut,cut,row,
8/5/2021,2,LAUR,zinnia,1,72,10,12,86.4,RY,nsfcut,cut,row,
8/5/2021,2,LAUR,zinnia,1,94,10,43,404.2,RY,nsfcut,cut,row,
8/5/2021,2,LAUR,zinnia,1,236,10,10,236,RY,nsfcut,cut,row,
8/5/2021,2,LAUR,zinnia,1,354,10,15,531,RY,nsfcut,cut,row,
8/5/2021,2,LAUR,cosmos,1,170,10,15,255,RY,nsfcut,cut,row,
8/5/2021,2,LAUR,cosmos,1,206,10,15,309,RY,nsfcut,cut,row,
8/5/2021,2,LAUR,cosmos,1,135,10,10,135,RY,nsfcut,cut,row,
8/5/2021,2,LAUR,helichrysum,1,32,32,1,1,KT,nsfcut,cut,row,
8/5/2021,2,LAUR,helichrysum,1,70,70,2,2,KT,nsfcut,cut,row,
8/5/2021,2,LAUR,cosmos,1,40,8,6,30,KT,nsfcut,cut,row,
8/5/2021,2,LAUR,cosmos,1,1,1,9,9,KT,nsfcut,cut,row,
8/5/2021,2,LAUR,helichrysum,1,30,30,4,4,KT,nsfcut,cut,row,
8/5/2021,2,LAUR,cosmos,1,40,40,90,90,KT,nsfcut,cut,row,
8/5/2021,2,LAUR,cosmos,1,20,20,58,58,KT,nsfcut,cut,row,
8/5/2021,2,LAUR,helichrysum,1,50,50,9,9,KT,nsfcut,cut,row,
8/5/2021,2,LAUR,helichrysum,1,53,10,5,26.5,KT,nsfcut,cut,row,
8/5/2021,2,LAUR,helichrysum,1,100,100,4,4,KT,nsfcut,cut,row,
8/5/2021,2,LAUR,zinnia,1,115,10,60,690,KT,nsfcut,cut,row,
8/5/2021,2,LAUR,zinnia,1,98,10,14,137.2,KT,nsfcut,cut,row,
8/5/2021,2,LAUR,centaurea,1,8,8,19,19,KT,nsfcut,cut,row,
8/5/2021,2,LAUR,cosmos,1,65,65,52,52,KT,nsfcut,cut,row,
8/5/2021,2,LAUR,cosmos,1,131,131,82,82,KT,nsfcut,cut,row,
8/5/2021,2,LAUR,zinnia,1,94,10,15,141,KT,nsfcut,cut,row,
8/5/2021,2,LAUR,zinnia,1,20,5,6,24,KT,nsfcut,cut,row,
8/5/2021,2,LAUR,zinnia,1,190,10,27,513,KT,nsfcut,cut,row,
8/5/2021,2,LAUR,zinnia,1,150,10,47,705,KT,nsfcut,cut,row,
8/5/2021,2,LAUR,cosmos,1,86,10,19,163.4,KT,nsfcut,cut,row,
8/5/2021,2,LAUR,cosmos,1,34,5,9,61.2,KT,nsfcut,cut,row,
8/5/2021,2,LAUR,cosmos,1,22,10,19,41.8,KT,nsfcut,cut,row,
8/5/2021,2,LAUR,cosmos,1,20,10,14,28,KT,nsfcut,cut,row,
8/5/2021,2,LAUR,cosmos,1,18,5,14,50.4,KT,nsfcut,cut,row,
8/5/2021,2,LAUR,cosmos,1,92,15,6,36.8,KT,nsfcut,cut,row,
8/5/2021,2,LAUR,cosmos,1,105,10,7,73.5,KT,nsfcut,cut,row,
8/5/2021,2,LAUR,cosmos,1,100,100,85,85,KT,nsfcut,cut,row,
8/5/2021,2,LAUR,cosmos,1,117,117,49,49,KT,nsfcut,cut,row,
8/5/2021,2,LAUR,cosmos,1,9,9,25,25,KT,nsfcut,cut,row,
8/5/2021,2,LAUR,ageratum,1,43,43,61,61,KT,nsfcut,cut,row,
8/5/2021,2,LAUR,cosmos,1,27,27,60,60,KT,nsfcut,cut,row,
8/5/2021,2,LAUR,zinnia,1,174,10,18,313.2,KT,nsfcut,cut,row,
8/5/2021,2,LAUR,zinnia,1,185,10,30,555,KT,nsfcut,cut,row,
8/5/2021,2,LAUR,cosmos,1,15,15,40,40,KT,nsfcut,cut,row,
8/5/2021,2,LAUR,zinnia,1,57,10,20,114,KT,nsfcut,cut,row,
8/5/2021,2,LAUR,zinnia,1,126,10,26,327.6,KT,nsfcut,cut,row,
8/5/2021,2,LAUR,cosmos,1,10,10,62,62,KT,nsfcut,cut,row,
8/5/2021,2,LAUR,zinnia,1,31,10,4,12.4,KT,nsfcut,cut,row,
8/5/2021,2,LAUR,cosmos,1,10,10,43,43,KT,nsfcut,cut,row,
8/5/2021,2,LAUR,cosmos,1,65,65,67,67,KT,nsfcut,cut,row,
8/5/2021,2,LAUR,zinnia,1,50,10,5,25,KT,nsfcut,cut,row,
8/5/2021,2,LAUR,zinnia,1,22,5,14,61.6,KT,nsfcut,cut,row,
8/5/2021,2,LAUR,zinnia,1,21,10,14,29.4,KT,nsfcut,cut,row,
8/5/2021,2,LAUR,zinnia,1,18,10,8,14.4,KT,nsfcut,cut,row,
8/5/2021,2,LAUR,zinnia,1,26,5,16,83.2,KT,nsfcut,cut,row,
8/5/2021,2,LAUR,zinnia,1,70,10,20,140,KT,nsfcut,cut,row,
8/5/2021,2,LAUR,zinnia,1,70,30,77,179.6666667,KT,nsfcut,cut,row,
8/5/2021,2,LAUR,calendula,1,5,5,12,12,KT,nsfcut,cut,row,
8/5/2021,2,LAUR,zinnia,1,20,5,15,60,KT,nsfcut,cut,row,
8/5/2021,2,LAUR,zinnia,1,100,10,21,210,KT,nsfcut,cut,row,
8/5/2021,2,LAUR,cosmos,1,24,24,40,40,KT,nsfcut,cut,row,
8/5/2021,2,LAUR,cosmos,1,132,13,62,629.5384615,KT,nsfcut,cut,row,
8/5/2021,2,LAUR,cosmos,1,80,80,26,26,KT,nsfcut,cut,row,
8/6/2021,2,LAUR,helipterum,1,354,354,40,40,SG,nsfcut,cut,row,
8/6/2021,2,LAUR,helipterum,1,354,354,13,13,SG,nsfcut,cut,row,
8/6/2021,2,LAUR,helipterum,1,90,10,4,36,SG,nsfcut,cut,row,
8/6/2021,2,LAUR,centaurea,1,75,10,8,60,SG,nsfcut,cut,row,
8/6/2021,2,LAUR,helipterum,1,155,7,7,155,SG,nsfcut,cut,row,
8/6/2021,2,LAUR,ageratum,1,214,10,30,642,SG,nsfcut,cut,row,
8/6/2021,2,LAUR,ageratum,1,127,10,4,50.8,SG,nsfcut,cut,row,
8/6/2021,2,LAUR,cosmos,1,195,195,93,93,SG,nsfcut,cut,row,
8/6/2021,2,LAUR,cosmos,1,186,186,72,72,SG,nsfcut,cut,row,
8/6/2021,2,LAUR,cosmos,1,235,235,160,160,TK,nsfcut,cut,row,
8/6/2021,2,LAUR,cosmos,1,235,235,213,213,TK,nsfcut,cut,row,
8/9/2021,2,RCON,cucumis,9,616,10,6,3326.4,SG,border,border,row,
8/9/2021,2,RCON,cucumis,6,616,10,36,13305.6,SG,border,border,row,
8/9/2021,2,RCON,citrullus,6,616,10,8,2956.8,SG,border,border,row,
8/10/2021,3,RCUT,tanacetum,1,30,5,310,1860,SG/EK,nsfcut,cut,row,
8/10/2021,3,RCUT,ageratum,1,34,5,30,204,SG/EK,nsfcut,cut,row,
8/10/2021,3,RCUT,calendula,1,63,5,72,907.2,SG/EK,nsfcut,cut,row,
8/10/2021,3,RCUT,aster,1,52,10,12,62.4,SG/EK,nsfcut,cut,row,
8/10/2021,3,RCUT,eutrochium,1,147,5,31,911.4,SG/EK,border,border,row,wild on side of farm
8/10/2021,3,RCUT,solidago,1,147,5,64,1881.6,SG/EK,border,border,row,wild on side of farm
8/10/2021,3,RCUT,dahlia,1,243,243,3,3,SG/EK,nsfcut,cut,row,
8/10/2021,3,RCUT,dahlia,1,217,217,3,3,SG/EK,nsfcut,cut,row,
8/10/2021,3,RCUT,dahlia,1,217,217,3,3,SG/EK,nsfcut,cut,row,
8/10/2021,3,RCUT,helianthus,1,132,10,7,92.4,SG/EK,sf,cut,row,sterile?
8/10/2021,3,RCUT,helianthus,1,25,10,7,17.5,SG/EK,sf,cut,row,
8/10/2021,3,RCUT,helianthus,1,40,10,7,28,SG/EK,sf,cut,row,
8/10/2021,3,RCUT,helipterum,1,18,18,52,52,SG/EK,nsfcut,cut,row,
8/10/2021,3,RCUT,zinnia,1,15,5,17,51,SG/EK,nsfcut,cut,row,
8/10/2021,3,RCUT,zinnia,1,14,5,66,184.8,SG/EK,nsfcut,cut,row,
8/10/2021,3,RCUT,rudbeckia,1,34,34,22,22,SG/EK,nsfcut,cut,row,sterile?
8/10/2021,3,RCUT,zinnia,1,37,5,48,355.2,SG/EK,nsfcut,cut,row,
8/10/2021,3,RCUT,zinnia,1,35,5,103,721,SG/EK,nsfcut,cut,row,
8/10/2021,3,RCUT,zinnia,1,6,6,103,103,SG/EK,nsfcut,cut,row,plants w fruit - melon and watermleon/little flowers mostly
8/10/2021,3,RCUT,cosmos,1,57,5,51,581.4,SG/EK,nsfcut,cut,row,new melon plants/ just melon
8/10/2021,3,RCUT,cosmos,1,21,5,22,92.4,SG/EK,nsfcut,cut,row,watermelon new
8/10/2021,3,RCUT,tanacetum,1,47,5,120,1128,RY,nsfcut,cut,row,
8/10/2021,3,RCUT,xerochrysum,1,57,57,2,2,RY,nsfcut,cut,row,patchy
8/10/2021,3,RCUT,aster,1,22,5,29,127.6,RY,nsfcut,cut,row,
8/10/2021,3,RCUT,aster,1,21,3,7,49,RY,nsfcut,cut,row,patchy
8/10/2021,3,RCUT,zinnia,1,20,5,66,264,RY,nsfcut,cut,row,patchy growing on border 10 patches
8/10/2021,3,RCUT,zinnia,1,22,5,30,132,RY,nsfcut,cut,row,patchy mixed 10 patches
8/10/2021,3,RCUT,zinnia,1,18,5,39,140.4,RY,nsfcut,cut,row,
8/10/2021,3,RCUT,galinsoga,1,1,1,160,160,RY,border,border,row,"wild galinsogas throughout most of the flowers, very small flower, no bumble bee observed visiting "
8/10/2021,3,RCUT,ageratum,1,2,2,13,13,RY,nsfcut,cut,row,
8/10/2021,3,RCUT,zinnia,1,50,5,80,800,RY,nsfcut,cut,row,sterile?
8/10/2021,3,RCUT,zinnia,1,19,5,18,68.4,RY,nsfcut,cut,row,
8/10/2021,3,RCUT,aster,1,14,5,135,378,RY,nsfcut,cut,row,
8/10/2021,3,RCUT,zinnia,1,96,5,30,576,RY,nsfcut,cut,row,
8/10/2021,3,RCUT,zinnia,1,19.5,5,56,218.4,RY,nsfcut,cut,row,
8/10/2021,3,RCUT,zinnia,1,20,5,26,104,RY,nsfcut,cut,row,
8/10/2021,3,RCUT,ageratum,1,51.5,2,110,2832.5,RY,nsfcut,cut,row,sterile?
8/10/2021,3,RCUT,aster,1,14,5,93,260.4,RY,nsfcut,cut,row,
8/10/2021,3,RCUT,aster,1,13,5,100,260,RY,nsfcut,cut,row,
8/10/2021,3,RCUT,aster,1,8,8,68,68,RY,nsfcut,cut,row,
8/10/2021,3,RCUT,xerochrysum,1,96,96,21,21,RY,nsfcut,cut,row,
8/10/2021,3,RCUT,erigeron,1,18,2,89,801,RY,nsfcut,cut,row,
8/10/2021,3,RCUT,calendula,1,18,18,172,172,RY,nsfcut,cut,row,
8/10/2021,3,RCUT,galinsoga,1,3,3,122,122,RY,border,border,row,"wild galinsogas throughout most of the flowers, very small flower, no bumble bee observed visiting "
8/10/2021,3,RCUT,galinsoga,1,37,37,697,697,RY,border,border,row,"wild galinsogas throughout most of the flowers, very small flower, no bumble bee observed visiting "
8/10/2021,3,RCUT,tanacetum,1,157,2,184,14444,RY,nsfcut,cut,row,
8/10/2021,3,RCUT,calendula,1,23,23,41,41,RY,nsfcut,cut,row,
8/10/2021,3,RCUT,zinnia,1,27,25,37,39.96,RY,nsfcut,cut,row,
8/10/2021,3,RCUT,ageratum,1,11,2,141,775.5,RY,nsfcut,cut,row,
8/10/2021,3,RCUT,ammobium,1,13,2,168,1092,RY,nsfcut,cut,row,
8/10/2021,3,RCUT,galinsoga,1,4,2,219,438,RY,border,border,row,"wild galinsogas throughout most of the flowers, very small flower, no bumble bee observed visiting "
8/10/2021,3,RCUT,zinnia,1,9,9,67,67,RY,nsfcut,cut,row,
8/10/2021,3,RCUT,calendula,1,15,15,98,98,RY,nsfcut,cut,row,
8/10/2021,3,RCUT,tagetes,1,25,2,102,1275,RY,nsfcut,cut,row,marigold
8/10/2021,3,RCUT,cosmos,1,111,2,100,5550,RY,nsfcut,cut,row,
8/10/2021,3,RCUT,galinsoga,2,10,2,219,2190,RY,border,border,row,"wild galinsogas throughout most of the flowers, very small flower, no bumble bee observed visiting "
8/11/2021,2,GOLO,zinnia,1,10,10,56,56,RY,nsfcut,cut,row,
8/11/2021,2,GOLO,zinnia,1,15.5,15.5,45,45,RY,nsfcut,cut,row,
8/11/2021,2,GOLO,zinnia,1,12,12,13,13,RY,nsfcut,cut,row,took pictures ask sonja
8/11/2021,2,GOLO,cosmos,1,5,5,26,26,RY,nsfcut,cut,row,
8/11/2021,2,GOLO,zinnia,1,5,5,4,4,RY,nsfcut,cut,row,
8/11/2021,2,GOLO,centaurea,1,12,5,102,244.8,RY,nsfcut,cut,row,
8/11/2021,2,GOLO,ageratum,1,9,3,99,297,RY,nsfcut,cut,row,
8/11/2021,2,GOLO,zinnia,1,44,5,18,158.4,RY,nsfcut,cut,row,
8/11/2021,2,GOLO,zinnia,1,75,75,50,50,RY,nsfcut,cut,row,
8/11/2021,2,GOLO,zinnia,1,53,53,18,18,RY,nsfcut,cut,row,
8/11/2021,2,GOLO,ageratum,1,11.5,5,55,126.5,LSA/ EK,nsfcut,cut,row,
8/11/2021,2,GOLO,zinnia,1,44,10,10,44,LSA/ EK,nsfcut,cut,row,
8/11/2021,2,GOLO,helianthus,1,16,16,34,34,LSA/ EK,sf,cut,row,
8/11/2021,2,GOLO,zinnia,1,129,10,22,283.8,LSA/ EK,nsfcut,cut,row,
8/11/2021,2,GOLO,dahlia,1,15,5,22,66,LSA/ EK,nsfcut,cut,row,
8/11/2021,2,GOLO,ageratum,1,14,5,57,159.6,LSA/ EK,nsfcut,cut,row,
8/11/2021,2,GOLO,eutrochium,1,5,5,24,24,LSA/ EK,border,border,row,wild on side of farm
8/11/2021,2,GOLO,eutrochium,1,32,32,58,58,LSA/ EK,border,border,row,wild on side of farm
8/11/2021,2,GOLO,eutrochium,1,25,10,31,77.5,LSA/ EK,border,border,row,wild on side of farm
8/11/2021,2,GOLO,eutrochium,1,20,10,17,34,LSA/ EK,border,border,row,wild on side of farm
8/11/2021,2,GOLO,eutrochium,1,21,10,31,65.1,LSA/ EK,border,border,row,wild on side of farm
8/12/2021,2,LASA,rudbeckia,1,88,5,204,3590.4,SG/EK,border,border,row,"wild, beetles and flies visiting, along border"
8/12/2021,2,LASA,helianthus,1,27,5,21,113.4,SG/EK,sf,cut,row,sterile
8/12/2021,2,LASA,helianthus,1,43,5,21,180.6,SG/EK,sf,cut,row,sterile
8/12/2021,2,LASA,zinnia,1,77,5,21,323.4,SG/EK,nsfcut,cut,row,
8/12/2021,2,LASA,zinnia,1,42,5,15,126,SG/EK,nsfcut,cut,row,
8/12/2021,2,LASA,zinnia,1,133,5,21,558.6,SG/EK,nsfcut,cut,row,
8/12/2021,2,LASA,zinnia,1,104,5,21,436.8,SG/EK,nsfcut,cut,row,
8/12/2021,2,LASA,zinnia,1,70,5,15,210,SG/EK,nsfcut,cut,row,
8/12/2021,2,LASA,ageratum,1,40,5,52,416,SG/EK,nsfcut,cut,row,
8/12/2021,2,LASA,zinnia,1,31,5,12,74.4,SG/EK,nsfcut,cut,row,
8/12/2021,2,LASA,zinnia,1,104,5,21,436.8,SG/EK,nsfcut,cut,row,
8/12/2021,2,LASA,dahlia,6,490,490,1,6,SG/EK,nsfcut,cut,row,
8/12/2021,2,LASA,rudbeckia,1,20,20,63,63,KT,nsfcut,cut,row,no pollen
8/12/2021,2,LASA,rudbeckia,1,9,9,22,22,KT,nsfcut,cut,row,
8/12/2021,2,LASA,aster,1,50,5,46,460,KT,nsfcut,cut,row,
8/12/2021,2,LASA,aster,1,46,5,11,101.2,KT,nsfcut,cut,row,
8/12/2021,2,LASA,aster,1,46,46,78,78,KT,nsfcut,cut,row,
8/12/2021,2,LASA,aster,1,51,5,53,540.6,KT,nsfcut,cut,row,
8/12/2021,2,LASA,aster,1,59,5,35,413,KT,nsfcut,cut,row,
8/12/2021,2,LASA,dahlia,1,490,10,10,490,TK,nsfcut,cut,row,
8/12/2021,2,LASA,dahlia,1,490,20,1,24.5,TK,nsfcut,cut,row,
8/12/2021,2,LASA,dahlia,1,370,10,20,740,TK,nsfcut,cut,row,beetles and flies along border
8/12/2021,2,LASA,dahlia,1,150,15,1,10,TK,nsfcut,cut,row,no pollen
8/12/2021,2,LASA,dahlia,1,490,490,3,3,TK,nsfcut,cut,row,no pollen
8/12/2021,2,LASA,dahlia,1,164,10,10,164,TK,nsfcut,cut,row,
8/12/2021,2,LASA,dahlia,1,322,322,12,12,TK,nsfcut,cut,row,
8/12/2021,2,LASA,dahlia,1,490,490,2,2,TK,nsfcut,cut,row,
8/12/2021,2,LASA,dahlia,1,490,490,2,2,TK,nsfcut,cut,row,
8/16/2021,3,SIMP,echinacea,1,9.5,5,70,133,RY,nsfcut,cut,row,
8/16/2021,3,SIMP,zinnia,1,70,5,17,238,RY,nsfcut,cut,row,
8/16/2021,3,SIMP,calendula,1,32,32,57,57,RY,nsfcut,cut,row,
8/16/2021,3,SIMP,cosmos,1,37,5,7,51.8,RY,nsfcut,cut,row,
8/16/2021,3,SIMP,centaurea,1,5,5,16,16,RY,nsfcut,cut,row,
8/16/2021,3,SIMP,cosmos,1,63.7,5,37,471.38,RY,nsfcut,cut,row,
8/16/2021,3,SIMP,cosmos,1,63.7,63.7,52,52,RY,nsfcut,cut,row,
8/16/2021,3,SIMP,centaurea,1,56,5,20,224,RY,nsfcut,cut,row,
8/16/2021,3,SIMP,zinnia,1,49,10,36,176.4,SG,nsfcut,cut,row,
8/16/2021,3,SIMP,zinnia,1,94,10,19,178.6,SG,nsfcut,cut,row,
8/16/2021,3,SIMP,zinnia,1,72,10,29,208.8,SG,nsfcut,cut,row,
8/16/2021,3,SIMP,zinnia,1,83,10,49,406.7,SG,nsfcut,cut,row,
8/16/2021,3,SIMP,cosmos,1,92,10,40,368,SG,nsfcut,cut,row,
8/16/2021,3,SIMP,cosmos,1,92,10,97,892.4,SG,nsfcut,cut,row,
8/16/2021,3,SIMP,centaurea,1,13,13,85,85,SG,nsfcut,cut,row,
8/16/2021,3,SIMP,rudbeckia,1,10,10,20,20,SG,nsfcut,cut,row,
8/16/2021,3,SIMP,zinnia,1,74,10,8,59.2,KT,nsfcut,cut,row,
8/16/2021,3,SIMP,zinnia,1,74,10,13,96.2,KT,nsfcut,cut,row,
8/16/2021,3,SIMP,zinnia,1,29,4,14,101.5,KT,nsfcut,cut,row,
8/16/2021,3,SIMP,zinnia,1,97,5,30,582,KT,nsfcut,cut,row,
8/16/2021,3,SIMP,zinnia,1,17,17,57,57,KT,nsfcut,cut,row,
8/16/2021,3,SIMP,zinnia,1,84,10,64,537.6,KT,nsfcut,cut,row,
8/16/2021,3,SIMP,zinnia,1,77,10,28,215.6,KT,nsfcut,cut,row,
8/16/2021,3,LAUR,zinnia,2,354,5,9,1274.4,RY,nsfcut,cut,row,
8/16/2021,3,LAUR,zinnia,1,223,5,17,758.2,RY,nsfcut,cut,row,
8/16/2021,3,LAUR,zinnia,1,131,5,44,1152.8,RY,nsfcut,cut,row,
8/16/2021,3,LAUR,zinnia,1,354,5,36,2548.8,RY,nsfcut,cut,row,
8/16/2021,3,LAUR,zinnia,1,270,5,15,810,RY,nsfcut,cut,row,
8/16/2021,3,LAUR,zinnia,1,84,5,27,453.6,RY,nsfcut,cut,row,
8/16/2021,3,LAUR,zinnia,1,141,5,30,846,RY,nsfcut,cut,row,
8/16/2021,3,LAUR,zinnia,1,231,5,28,1293.6,RY,nsfcut,cut,row,
8/16/2021,3,LAUR,zinnia,1,354,5,15,1062,RY,nsfcut,cut,row,
8/16/2021,3,LAUR,zinnia,1,314,5,13,816.4,RY,nsfcut,cut,row,
8/16/2021,3,LAUR,zinnia,1,354,5,13,920.4,RY,nsfcut,cut,row,patchy distribution 30ft patches
8/16/2021,3,LAUR,zinnia,1,354,5,20,1416,RY,nsfcut,cut,row,patchy distibution 50ft patches
8/16/2021,3,LAUR,zinnia,1,354,5,25,1770,RY,nsfcut,cut,row,
8/16/2021,3,LAUR,zinnia,1,334,5,8,534.4,RY,nsfcut,cut,row,
8/16/2021,3,LAUR,zinnia,1,354,5,28,1982.4,RY,nsfcut,cut,row,
8/16/2021,3,LAUR,zinnia,1,354,5,18,1274.4,RY,nsfcut,cut,row,
8/16/2021,3,LAUR,zinnia,1,354,5,10,708,RY,nsfcut,cut,row,
8/16/2021,3,LAUR,zinnia,1,354,5,22,1557.6,RY,nsfcut,cut,row,
8/16/2021,3,LAUR,zinnia,1,354,5,17,1203.6,RY,nsfcut,cut,row,
8/16/2021,3,LAUR,zinnia,1,354,5,14,991.2,RY,nsfcut,cut,row,
8/16/2021,3,LAUR,zinnia,1,354,5,18,1274.4,RY,nsfcut,cut,row,
8/16/2021,3,LAUR,zinnia,1,354,5,25,1770,RY,nsfcut,cut,row,
8/16/2021,3,LAUR,zinnia,1,354,5,10,708,RY,nsfcut,cut,row,
8/16/2021,3,LAUR,zinnia,1,74,5,39,577.2,RY,nsfcut,cut,row,
8/16/2021,3,LAUR,zinnia,1,260,5,15,780,RY,nsfcut,cut,row,
8/16/2021,3,LAUR,zinnia,1,76,5,39,592.8,RY,nsfcut,cut,row,
8/16/2021,3,LAUR,zinnia,1,70,5,18,252,RY,nsfcut,cut,row,
8/16/2021,3,LAUR,zinnia,1,73,5,66,963.6,RY,nsfcut,cut,row,
8/16/2021,3,LAUR,zinnia,1,72,5,29,417.6,RY,nsfcut,cut,row,
8/16/2021,3,LAUR,zinnia,1,24,5,28,134.4,RY,nsfcut,cut,row,
8/16/2021,3,LAUR,zinnia,1,42,10,46,193.2,SG/EK,nsfcut,cut,row,
8/16/2021,3,LAUR,zinnia,1,61,10,21,128.1,SG/EK,nsfcut,cut,row,
8/16/2021,3,LAUR,cosmos,1,26,10,25,65,SG/EK,nsfcut,cut,row,
8/16/2021,3,LAUR,zinnia,1,196,10,88,1724.8,SG/EK,nsfcut,cut,row,
8/16/2021,3,LAUR,zinnia,1,91,10,44,400.4,SG/EK,nsfcut,cut,row,
8/16/2021,3,LAUR,zinnia,1,75,10,33,247.5,SG/EK,nsfcut,cut,row,
8/16/2021,3,LAUR,zinnia,1,6,10,34,20.4,SG/EK,nsfcut,cut,row,
8/16/2021,3,LAUR,cosmos,1,73,10,47,343.1,SG/EK,nsfcut,cut,row,
8/16/2021,3,LAUR,cosmos,1,118,10,56,660.8,SG/EK,nsfcut,cut,row,
8/16/2021,3,LAUR,zinnia,1,460,10,11,506,SG/EK,nsfcut,cut,row,
8/16/2021,3,LAUR,zinnia,1,427,10,5,213.5,SG/EK,nsfcut,cut,row,
8/16/2021,3,LAUR,cosmos,1,42,10,18,75.6,SG/EK,nsfcut,cut,row,
8/16/2021,3,LAUR,cosmos,1,113,10,12,135.6,SG/EK,nsfcut,cut,row,
8/16/2021,3,LAUR,zinnia,1,93,10,8,74.4,SG/EK,nsfcut,cut,row,
8/16/2021,3,LAUR,zinnia,1,336,10,24,806.4,SG/EK,nsfcut,cut,row,
8/16/2021,3,LAUR,cosmos,1,50,50,61,61,SG/EK,nsfcut,cut,row,
8/16/2021,3,LAUR,cosmos,1,33,33,88,88,SG/EK,nsfcut,cut,row,
8/16/2021,3,LAUR,helipterum,1,8,8,40,40,SG/EK,nsfcut,cut,row,
8/16/2021,3,LAUR,zinnia,1,60,10,20,120,SG/EK,nsfcut,cut,row,
8/16/2021,3,LAUR,zinnia,1,67,10,17,113.9,SG/EK,nsfcut,cut,row,
8/16/2021,3,LAUR,tagetes,1,397,10,10,397,SG/EK,nsfcut,cut,row,marigold
8/16/2021,3,LAUR,zinnia,1,250,10,24,600,SG/EK,nsfcut,cut,row,
8/16/2021,3,LAUR,zinnia,1,33,10,24,79.2,SG/EK,nsfcut,cut,row,
8/16/2021,3,LAUR,zinnia,1,100,10,24,240,SG/EK,nsfcut,cut,row,
8/16/2021,3,LAUR,rudbeckia,1,18,10,50,90,SG/EK,nsfcut,cut,row,
8/16/2021,3,LAUR,zinnia,1,139,10,40,556,SG/EK,nsfcut,cut,row,
8/16/2021,3,LAUR,rudbeckia,1,74,10,50,370,SG/EK,nsfcut,cut,row,
8/16/2021,3,LAUR,rudbeckia,1,41,10,50,205,SG/EK,nsfcut,cut,row,
8/16/2021,3,LAUR,helipterum,1,321,10,9,288.9,SG/EK,nsfcut,cut,row,
8/16/2021,3,LAUR,calendula,1,290,10,51,1479,SG/EK,nsfcut,cut,row,
8/16/2021,3,LAUR,zinnia,1,60,10,3,18,SG/EK,nsfcut,cut,row,
8/16/2021,3,LAUR,calendula,1,160,10,51,816,SG/EK,nsfcut,cut,row,
8/16/2021,3,LAUR,cosmos,1,70,10,52,364,SG/EK,nsfcut,cut,row,
8/16/2021,3,LAUR,ageratum,1,19,19,170,170,SG/EK,nsfcut,cut,row,patchy
8/16/2021,3,LAUR,rudbeckia,1,67,10,25,167.5,SG/EK,nsfcut,cut,row,
8/16/2021,3,LAUR,zinnia,1,93,10,24,223.2,SG/EK,nsfcut,cut,row,
8/16/2021,3,LAUR,cosmos,1,100,100,86,86,SG/EK,nsfcut,cut,row,
8/16/2021,3,LAUR,zinnia,1,135,10,34,459,SG/EK,nsfcut,cut,row,
8/16/2021,3,LAUR,zinnia,1,75,10,10,75,SG/EK,nsfcut,cut,row,
8/16/2021,3,LAUR,zinnia,1,240,10,121,2904,SG/EK,nsfcut,cut,row,
8/16/2021,3,LAUR,zinnia,1,240,10,121,2904,SG/EK,nsfcut,cut,row,
8/16/2021,3,LAUR,zinnia,1,93,10,28,260.4,SG/EK,nsfcut,cut,row,finally bloomed
8/16/2021,3,LAUR,zinnia,1,92,10,28,257.6,SG/EK,nsfcut,cut,row,
8/16/2021,3,LAUR,zinnia,1,250,10,121,3025,SG/EK,nsfcut,cut,row,
8/16/2021,3,LAUR,zinnia,1,148,10,19,281.2,SG/EK,nsfcut,cut,row,
8/16/2021,3,LAUR,zinnia,1,174,10,52,904.8,SG/EK,nsfcut,cut,row,presenting pollen
8/16/2021,3,LAUR,zinnia,1,227,10,19,431.3,SG/EK,nsfcut,cut,row,
8/16/2021,3,LAUR,calendula,1,36,10,38,136.8,SG/EK,nsfcut,cut,row,
8/16/2021,3,LAUR,zinnia,1,199,10,38,756.2,SG/EK,nsfcut,cut,row,
8/16/2021,3,LAUR,zinnia,1,55,10,38,209,SG/EK,nsfcut,cut,row,"patchy, very"
8/16/2021,3,LAUR,zinnia,1,18,10,38,68.4,SG/EK,nsfcut,cut,row,
8/16/2021,3,LAUR,calendula,1,20,10,38,76,SG/EK,nsfcut,cut,row,
8/16/2021,3,LAUR,zinnia,1,82,10,5,41,SG/EK,nsfcut,cut,row,
8/16/2021,3,LAUR,zinnia,1,82,10,31,254.2,SG/EK,nsfcut,cut,row,patchy
8/16/2021,3,LAUR,calendula,1,90,10,26,234,SG/EK,nsfcut,cut,row,
8/16/2021,3,LAUR,zinnia,1,199,10,38,756.2,SG/EK,nsfcut,cut,row,
8/16/2021,3,LAUR,zinnia,1,159,10,10,159,SG/EK,nsfcut,cut,row,
8/16/2021,3,LAUR,zinnia,1,130,10,69,897,SG/EK,nsfcut,cut,row,patchy
8/16/2021,3,LAUR,zinnia,1,64,10,7,44.8,SG/EK,nsfcut,cut,row,
8/16/2021,3,LAUR,cosmos,2,164,10,38,1246.4,SG/EK,nsfcut,cut,row,
8/16/2021,3,LAUR,zinnia,1,107,10,54,577.8,SG/EK,nsfcut,cut,row,
8/16/2021,3,LAUR,cosmos,1,204,10,38,775.2,SG/EK,nsfcut,cut,row,
8/16/2021,3,LAUR,zinnia,1,23,10,38,87.4,SG/EK,nsfcut,cut,row,
8/16/2021,3,LAUR,zinnia,1,78,10,28,218.4,SG/EK,nsfcut,cut,row,
8/16/2021,3,LAUR,zinnia,1,71,10,32,227.2,SG/EK,nsfcut,cut,row,
8/16/2021,3,LAUR,zinnia,1,110,10,20,220,SG/EK,nsfcut,cut,row,
8/16/2021,3,LAUR,cosmos,1,88,10,84,739.2,SG/EK,nsfcut,cut,row,
8/16/2021,3,LAUR,cosmos,1,147,10,84,1234.8,SG/EK,nsfcut,cut,row,
8/16/2021,3,LAUR,zinnia,1,146,10,69,1007.4,SG/EK,nsfcut,cut,row,
8/16/2021,3,LAUR,xerochrysum,2,21,21,5,10,KT,nsfcut,cut,row,
8/16/2021,3,LAUR,xerochrysum,1,30,30,40,40,KT,nsfcut,cut,row,
8/16/2021,3,LAUR,xerochrysum,1,26,26,4,4,KT,nsfcut,cut,row,
8/16/2021,3,LAUR,ageratum,1,10,10,46,46,KT,nsfcut,cut,row,patchy
8/16/2021,3,LAUR,ageratum,1,15,15,83,83,KT,nsfcut,cut,row,patchy
8/16/2021,3,LAUR,ageratum,1,47,6,43,336.8333333,KT,nsfcut,cut,row,patchy
8/16/2021,3,LAUR,cosmos,1,12,12,99,99,KT,nsfcut,cut,row,patchy
8/16/2021,3,LAUR,cosmos,1,54,10,76,410.4,KT,nsfcut,cut,row,
8/16/2021,3,LAUR,cosmos,1,76,76,314,314,KT,nsfcut,cut,row,patchy
8/16/2021,3,LAUR,cosmos,1,64,15,47,200.5333333,KT,nsfcut,cut,row,
8/16/2021,3,LAUR,cosmos,1,45,10,73,328.5,KT,nsfcut,cut,row,patchy
8/16/2021,3,LAUR,cosmos,1,39,5,133,1037.4,KT,nsfcut,cut,row,"very patchy, 1/2 patches"
8/16/2021,3,LAUR,cosmos,1,45,15,46,138,KT,nsfcut,cut,row,
8/16/2021,3,LAUR,calendula,1,1,1,29,29,KT,nsfcut,cut,row,"very patchy, 1/2 patches"
8/16/2021,3,LAUR,zinnia,1,36,7,23,118.2857143,KT,nsfcut,cut,row,
8/16/2021,3,LAUR,calendula,1,7,7,143,143,KT,nsfcut,cut,row,
8/16/2021,3,LAUR,calendula,1,34,22,128,197.8181818,KT,nsfcut,cut,row,
8/16/2021,3,LAUR,centaurea,1,10,10,57,57,KT,nsfcut,cut,row,
8/16/2021,3,LAUR,cosmos,1,1,1,36,36,KT,nsfcut,cut,row,
8/16/2021,3,LAUR,centaurea,1,7,7,50,50,KT,nsfcut,cut,row,
8/16/2021,3,LAUR,xerochrysum,1,38,38,45,45,KT,nsfcut,cut,row,
8/16/2021,3,LAUR,cosmos,1,15,15,80,80,KT,nsfcut,cut,row,
8/16/2021,3,LAUR,cosmos,1,5,5,200,200,KT,nsfcut,cut,row,
8/16/2021,3,LAUR,cosmos,1,5,5,100,100,KT,nsfcut,cut,row,
8/16/2021,3,LAUR,cosmos,1,24,12,111,222,KT,nsfcut,cut,row,
8/16/2021,3,LAUR,cosmos,1,70,8,95,831.25,KT,nsfcut,cut,row,
8/16/2021,3,LAUR,cosmos,1,5,5,9,9,KT,nsfcut,cut,row,
8/16/2021,3,LAUR,cosmos,2,152,5,95,5776,KT,nsfcut,cut,row,
8/16/2021,3,LAUR,cosmos,1,1,1,103,103,KT,nsfcut,cut,row,
8/16/2021,3,LAUR,cosmos,1,10,5,68,136,KT,nsfcut,cut,row,
8/16/2021,3,LAUR,zinnia,1,94,5,38,714.4,RY,nsfcut,cut,row,
8/16/2021,3,LAUR,zinnia,1,236,5,16,755.2,RY,nsfcut,cut,row,
8/16/2021,3,LAUR,zinnia,1,354,354,172,172,RY,nsfcut,cut,row,
8/16/2021,3,LAUR,cosmos,1,170,5,36,1224,RY,nsfcut,cut,row,
8/16/2021,3,LAUR,cosmos,1,206,5,26,1071.2,RY,nsfcut,cut,row,
8/16/2021,3,LAUR,aster,1,43,10,3,12.9,RY,nsfcut,cut,row,
8/16/2021,3,LAUR,cosmos,1,135,5,62,1674,RY,nsfcut,cut,row,
8/16/2021,3,LAUR,helipterum,2,354,20,7,247.8,RY,nsfcut,cut,row,
8/16/2021,3,LAUR,helipterum,1,177,20,7,61.95,RY,nsfcut,cut,row,
8/16/2021,3,LAUR,ageratum,1,125,5,25,625,RY,nsfcut,cut,row,
8/16/2021,3,LAUR,helipterum,1,229,20,7,80.15,RY,nsfcut,cut,row,bachelor's button
8/16/2021,3,LAUR,ageratum,1,220,5,25,1100,RY,nsfcut,cut,row,
8/16/2021,3,LAUR,centaurea,1,134,5,4,107.2,RY,nsfcut,cut,row,
8/16/2021,3,LAUR,cosmos,1,153,5,10,306,RY,nsfcut,cut,row,
8/16/2021,3,LAUR,cosmos,1,138,5,10,276,RY,nsfcut,cut,row,
8/16/2021,3,LAUR,cosmos,2,112,5,10,448,RY,nsfcut,cut,row,
8/16/2021,3,LAUR,helichrysum,1,100,100,12,12,KT,nsfcut,cut,row,
8/16/2021,3,LAUR,helichrysum,1,111,111,54,54,KT,nsfcut,cut,row,
8/16/2021,3,LAUR,cosmos,1,1,1,64,64,KT,nsfcut,cut,row,
8/16/2021,3,LAUR,cosmos,1,59,5,90,1062,KT,nsfcut,cut,row,
8/16/2021,3,LAUR,helichrysum,1,32,32,9,9,KT,nsfcut,cut,row,
8/16/2021,3,LAUR,cosmos,1,29,5,39,226.2,KT,nsfcut,cut,row,
8/16/2021,3,LAUR,cosmos,4,1,1,37,148,KT,nsfcut,cut,row,
8/16/2021,3,LAUR,cosmos,1,34,8,86,365.5,KT,nsfcut,cut,row,
8/16/2021,3,LAUR,cosmos,1,50,50,185,185,KT,nsfcut,cut,row,
8/16/2021,3,LAUR,cosmos,2,49,1,35,3430,KT,nsfcut,cut,row,
8/16/2021,3,LAUR,helichrysum,1,108,108,144,144,KT,nsfcut,cut,row,
8/16/2021,3,LAUR,cosmos,1,34,34,117,117,KT,nsfcut,cut,row,
8/16/2021,3,LAUR,cosmos,2,118,5,53,2501.6,KT,nsfcut,cut,row,
8/16/2021,3,LAUR,cosmos,1,18,5,85,306,KT,nsfcut,cut,row,
8/16/2021,3,LAUR,zinnia,1,115,5,52,1196,KT,nsfcut,cut,row,
8/16/2021,3,LAUR,zinnia,1,97,40,48,116.4,KT,nsfcut,cut,row,
8/16/2021,3,LAUR,helichrysum,1,78,30,36,93.6,KT,nsfcut,cut,row,
8/16/2021,3,LAUR,helichrysum,1,104,104,38,38,KT,nsfcut,cut,row,
8/16/2021,3,LAUR,helichrysum,1,296,296,44,44,KT,nsfcut,cut,row,
8/16/2021,3,LAUR,helichrysum,1,206,10,11,226.6,KT,nsfcut,cut,row,
8/16/2021,3,LAUR,helichrysum,1,94,94,17,17,KT,nsfcut,cut,row,
8/16/2021,3,LAUR,zinnia,1,13,13,56,56,KT,nsfcut,cut,row,
8/16/2021,3,LAUR,ageratum,1,43,42,60,61.42857143,KT,nsfcut,cut,row,
8/16/2021,3,LAUR,ageratum,1,17,17,34,34,KT,nsfcut,cut,row,
8/16/2021,3,LAUR,zinnia,1,174,10,44,765.6,KT,nsfcut,cut,row,
8/16/2021,3,LAUR,helichrysum,1,61,61,31,31,KT,nsfcut,cut,row,
8/16/2021,3,LAUR,zinnia,1,378,5,28,2116.8,KT,nsfcut,cut,row,
8/16/2021,3,LAUR,cosmos,1,71,10,29,205.9,KT,nsfcut,cut,row,
8/16/2021,3,LAUR,cosmos,1,83,15,88,486.9333333,KT,nsfcut,cut,row,
8/16/2021,3,LAUR,cosmos,2,470,5,68,12784,TK,nsfcut,cut,row,
8/18/2021,3,GOLO,ageratum,1,14,2,47,329,KT,nsfcut,cut,row,
8/18/2021,3,GOLO,dahlia,1,17.5,5,20,70,KT,nsfcut,cut,row,
8/18/2021,3,GOLO,zinnia,1,132,20,15,99,KT,nsfcut,cut,row,
8/18/2021,3,GOLO,helianthus,1,15,15,63,63,KT,sf,cut,row,
8/18/2021,3,GOLO,zinnia,1,55,55,30,30,KT,nsfcut,cut,row,
8/18/2021,3,GOLO,ageratum,1,13,2,55,357.5,KT,nsfcut,cut,row,
8/18/2021,3,GOLO,erigeron,1,8,5,165,264,KT,nsfcut,cut,row,
8/18/2021,3,GOLO,zinnia,1,25,5,63,315,TK,nsfcut,cut,row,
8/18/2021,3,GOLO,zinnia,1,45,5,16,144,TK,nsfcut,cut,row,
8/18/2021,3,GOLO,cosmos,1,6,6,67,67,TK,nsfcut,cut,row,
8/18/2021,3,GOLO,centaurea,1,10,5,128,256,TK,nsfcut,cut,row,
8/18/2021,3,GOLO,ageratum,1,8,5,33,52.8,TK,nsfcut,cut,row,
8/18/2021,3,GOLO,zinnia,1,10,10,120,120,TK,nsfcut,cut,row,
8/18/2021,3,GOLO,zinnia,1,76,5,11,167.2,TK,nsfcut,cut,row,
8/18/2021,3,GOLO,zinnia,1,55,5,5,55,TK,nsfcut,cut,row,
8/18/2021,3,GOLO,eutrochium,1,40,10,36,144,TK,border,border,row,wild on side of farm
8/18/2021,3,GOLO,eutrochium,1,11,11,38,38,TK,border,border,row,wild on side of farm
8/18/2021,3,GOLO,eutrochium,1,57,10,30,171,TK,border,border,row,wild on side of farm
8/19/2021,3,LASA,rudbeckia,1,9,9,44,44,TK,nsfcut,cut,row,
8/19/2021,3,LASA,rudbeckia,1,20,5,28,112,TK,nsfcut,cut,row,
8/19/2021,3,LASA,aster,1,13,5,21,54.6,TK,nsfcut,cut,row,
8/19/2021,3,LASA,aster,1,25,5,37,185,TK,nsfcut,cut,row,
8/19/2021,3,LASA,ageratum,1,41,5,41,336.2,TK,nsfcut,cut,row,
8/19/2021,3,LASA,aster,1,57,5,6,68.4,TK,nsfcut,cut,row,
8/19/2021,3,LASA,zinnia,1,145,5,14,406,TK,nsfcut,cut,row,
8/19/2021,3,LASA,rudbeckia,1,79,5,180,2844,KT,border,border,row,wild 
8/19/2021,3,LASA,helianthus,1,77,10,35,269.5,KT,sf,cut,row,
8/19/2021,3,LASA,zinnia,1,90,10,16,144,KT,nsfcut,cut,row,
8/19/2021,3,LASA,zinnia,1,65,10,26,169,KT,nsfcut,cut,row,
8/19/2021,3,LASA,zinnia,1,110,10,19,209,KT,nsfcut,cut,row,
8/19/2021,3,LASA,zinnia,1,175,10,23,402.5,KT,nsfcut,cut,row,
7/19/2021,1,SIMP,echinacea,1,50,15,26,86.66666667,TK,nsfcut,cut,row,on row crop data sheet
7/19/2021,1,SIMP,silphium,2,30,30,13,26,SG,border,border,cover,on row crop data sheet
7/19/2021,1,SIMP,silphium,1,1548,30,13,670.8,SG,border,border,cover,"""wild sunflower in entrance"""
8/4/2021,1,LASA,tanacetum,1,414,45,300,2760,RY,border,border,cover,wild tanacetum
8/9/2021,2,RCON,clover,1,7392,NA,NA,NA,,border,border,cover,cover crop style
8/9/2021,2,RCON,clover,1,27104,NA,NA,NA,,border,border,cover,not counting
8/9/2021,2,RCON,solidago,1,1660,20,16,1328,,border,border,cover,patchy distribution/ 10% solidago of the total area. Need to figure out how to calculate
8/10/2021,3,RCUT,solidago,1,3375,15,276,62100,,border,border,cover,along border in patches
8/10/2021,3,RCUT,solidago,1,200,15,276,3680,,border,border,cover,
8/11/2021,2,GOLO,eutrochium,2,90,15,23,276,RY,border,border,cover,whole stalk counted
8/4/2021,2,SIMP,silphium,1,630,57.5,130,1424.347826,RY,border,border,cover,
8/4/2021,2,SIMP,silphium,1,57.5,57.5,130,130,RY,border,border,cover,
8/12/2021,2,LASA,tanacetum,1,650,9,154,11122.22222,SG/EK,border,border,cover,"bumblebees on flowers, border of farm"
8/16/2021,3,SIMP,silphium,1,630,57.5,195,2136.521739,SG,border,border,cover,
8/16/2021,3,SIMP,silphium,1,57.5,57.5,195,195,SG,border,border,cover,
8/19/2021,3,LASA,tanacetum,1,630,9,95,6650,KT,border,border,cover,wild tanacetum
8/16/2021,3,LAUR,silphium,1,833,253x6p,1518,1518,EK/RY,border,border,cover,nb: p represents patch
8/16/2021,3,LAUR,silphium,1,6,253x3p,759,759,EK/RY,border,border,cover,nb: p represents patch
8/16/2021,3,LAUR,silphium,1,10,21x8p,63,63,EK/RY,border,border,cover,nb: p represents patch
8/16/2021,3,LAUR,silphium,1,12,21x9p,189,189,EK/RY,border,border,cover,nb: p represents patch
8/16/2021,3,LAUR,silphium,1,12,10x21p,210,210,EK/RY,border,border,cover,nb: p represents patch
8/16/2021,3,LAUR,silphium,1,7,18x15p,270,270,EK/RY,border,border,cover,nb: p represents patch
8/16/2021,3,LAUR,silphium,1,2400,10,75,18000,EK/RY,border,border,cover,
8/16/2021,3,LAUR,solidago,2,39,5,11,171.6,TK,border,border,cover,one stalk with floresence =1
8/16/2021,3,LAUR,solidago,1,13,5,27,70.2,TK,border,border,cover,along the road
8/16/2021,3,LAUR,solidago,1,730,9,25,2027.777778,TK,border,border,cover,towards field plot
8/16/2021,3,LAUR,silphium,1,120,9,14,186.6666667,TK,border,border,cover,
8/16/2021,3,LAUR,silphium,1,20,5,27,108,TK,border,border,cover,
